_Id,_Name,_Tolddescribe,_Description,_Add,_Zipcode,_Zone,_Tel,_Opentime,_Parkinginfo,_Website,_Picture1,_Picdescribe1,_Picture2,_Picdescribe2,_Picture3,_Picdescribe3,_Px,_Py,_Class,_Map,_Changetime
C3_376600000A_000001,月桃故事館(華實興業股份有限公司二廠),收集原鄉月桃籽運用超臨界萃取出活性天然成份，具抗氧化、抗自由基，能清潔肌膚，更加強抗環境的保護力。,收集原鄉月桃籽運用超臨界萃取出活性天然成份，具抗氧化、抗自由基，能清潔肌膚，更加強抗環境的保護力。,嘉義市東區保忠一街359號,60079,,886-5-2766399,週一 ~ 週日   08:30–17:00,ChiayiTravel,https://www.sgsh.com.tw/,https://travel.chiayi.gov.tw/upload/delicacies/2c77d2472cfdb3b617e1485fc96db8c6.jpg,月桃故事館(華實興業股份有限公司二廠),,,,,120.4484736,23.5125516,1,,2018/12/21 09:07:17
C3_376600000A_000002,德霖國際事業有限公司,將芬多精注入生命樹項鍊中，導入大自然療癒，載在胸前散發出讓人活力舒暢，宛如漫步在檜木森林中。,將芬多精注入生命樹項鍊中，導入大自然療癒，載在胸前散發出讓人活力舒暢，宛如漫步在檜木森林中。,嘉義市西區文化路909-3號,60082,,886-5-2322441,無,ChiayiTravel,http://www.quanhinoki.com.tw,https://travel.chiayi.gov.tw/upload/delicacies/717fe6cbd0eb91c0821678bdba793434.jpg,德霖國際事業有限公司,,,,,120.43916030000003,23.502252,1,,2018/12/21 22:24:22
C3_376600000A_000003,蘋果莊園有限公司,一顆實在的心，品質堅持健康、在地、高品質，挑逗胃的良食，一口咬下甘甜飽滿香辣多汁，令人回味健康零嘴。,一顆實在的心，品質堅持健康、在地、高品質，挑逗胃的良食，一口咬下甘甜飽滿香辣多汁，令人回味健康零嘴。,嘉義市蘭井街465號6樓3,60043,,886-5-2228101,週一 ~ 週日   09:00–18:00,ChiayiTravel,,https://travel.chiayi.gov.tw/upload/delicacies/0277a216795469dc835175e039f5e2f6.jpg,蘋果莊園有限公司,,,,,120.4416933,23.476689,1,,2018/12/21 17:02:10
C3_376600000A_000004,嘉冠喜食品有限公司,源自日式煎餅的堅持，追溯傳統吸取古早味，創新開發烙印式鈔票煎餅，讓送禮有特色，吃得更有味道～,源自日式煎餅的堅持，追溯傳統吸取古早味，創新開發烙印式鈔票煎餅，讓送禮有特色，吃得更有味道～,嘉義市西區湖子內路263-1號,60053,,886-5-2866087,週一 ~ 週六   08:00–18:00 週日公休,ChiayiTravel,http://jkcfood.u98.com.tw/,https://travel.chiayi.gov.tw/upload/delicacies/1ea755607ce5d54a534920e759fb4e06.jpg,嘉冠喜食品有限公司,,,,,120.4415822,23.4502836,1,,2018/12/21 21:45:34
C3_376600000A_000005,龍師父黃金泡菜坊,用最健康自然熟成發酵， 讓每一口充滿最真實感動，蘊含栽種者心血與汗水，在齒頰間得到身心靈的舒坦與滿足。,用最健康自然熟成發酵， 讓每一口充滿最真實感動，蘊含栽種者心血與汗水，在齒頰間得到身心靈的舒坦與滿足。,嘉義市西區仁愛路195巷28號1樓,60055,,886-5-2863101,週一～週日   09:00－18:00,ChiayiTravel,http://www.qrshop.com.tw/kimchi,https://travel.chiayi.gov.tw/upload/delicacies/0e050710d59f9b3f3309a8c022425917.jpg,龍師父黃金泡菜坊,,,,,120.44237020000003,23.4706083,1,,2018/12/21 18:36:17
C3_376600000A_000006,蔡家手作Q包子(鴻洋食品行),石猴藝術是嘉義市特色文化，迎接猴年到，結合傳統點心，融會出嘉義特有創意美食，讓包子饅頭更具食尚力。,石猴藝術是嘉義市特色文化，迎接猴年到，結合傳統點心，融會出嘉義特有創意美食，讓包子饅頭更具食尚力。,嘉義市吳鳳南路15號,60063,,886-5-2223061,週一 ~ 週六   08:00–18:00 週日公休,ChiayiTravel,,https://travel.chiayi.gov.tw/upload/delicacies/c677e54191a728c13db095e2c6d7556e.jpg,蔡家手作Q包子(鴻洋食品行),,,,,120.45406860000003,23.4735693,1,,2018/12/21 17:30:59
C3_376600000A_000007,新台灣餅舖有限公司,延續日治時期日向屋採傳統工法煉製羊羹，甜味適中表面晶瑩明亮，呈現典雅高貴的氣質，代表對阿里山的懷舊。,延續日治時期日向屋採傳統工法煉製羊羹，甜味適中表面晶瑩明亮，呈現典雅高貴的氣質，代表對阿里山的懷舊。,嘉義市西區中山路294號,60041,,886-5-2222154,週日 ~ 週四   08:30–21:30 週五、六   08:30–22:00,ChiayiTravel,http://www.newtaiwan-bakery.com.tw/,https://travel.chiayi.gov.tw/upload/delicacies/e10599a9b58a51be72d724faf1ff9fc1.jpg,新台灣餅舖有限公司,,,,,120.4492894,23.4798907,1,,2018/12/21 20:57:48
C3_376600000A_000008,勤億蛋品科技股份有限公司,選用阿里山下飼養牧場，堅持飼養滿18個月以上老母雞，滴煉過程不加一滴水和中藥調味，惟有單純才能好品質。,選用阿里山下飼養牧場，堅持飼養滿18個月以上老母雞，滴煉過程不加一滴水和中藥調味，惟有單純才能好品質。,嘉義市西區新民路37號,60061,,886-5-2354516,週一 ~ 週日   08:30–17:00 (休館日另行公告),ChiayiTravel,http://tw.chinyieggs.com/,https://travel.chiayi.gov.tw/upload/delicacies/3adc83dd1ba94c0249d6f791753ee6da.jpg,勤億蛋品科技股份有限公司,,,,,120.43115820000003,23.452216,1,,2018/12/21 20:56:18
C3_376600000A_000009,渼橘客新鮮果優格專賣店,當美味優格，遇見新鮮水果，繽紛美妙的滋味，悄悄在嘉義展開來。新鮮結合手作與無添加色素的水果優格，是老闆柯博仁對家人與消費者的堅持。當年歷經中年轉業，原本從事和食品業完全無關的工作，憑著做給最愛的太太和家人食用的心意，展開了這一段酸甜機緣。憑著太太本身愛吃水果的心意，柯博仁特別找來了種水果的親戚，先從果汁店開始發跡，結合在地新鮮食材、採用最天然簡單工法、不加香料、色素、人工調味，逐漸研發了果醬、果乾等健康美味，後來更研發出新鮮水果優格，以繽紛色彩、新鮮風味、果香層次，巧妙堆疊出優格的夢幻逸趣！一開始嘉義人還不太能接受優格酸酸的滋味，柯老闆只好挨家挨戶，親自拜訪嘉義各個校園、公司行號，以免費試吃來推廣自家產品，也從客人的反饋中，慢慢琢磨出如何調整配方，研發出讓酸味延後，大小朋友都會一吃愛上的優格口味，才逐漸打開知名度，當初還只是店中配角的優格，如今已躍升為主角了！手作優格符合SGS檢驗認證，新,當美味優格，遇見新鮮水果，繽紛美妙的滋味，悄悄在嘉義展開來。新鮮結合手作與無添加色素的水果優格，是老闆柯博仁對家人與消費者的堅持。當年歷經中年轉業，原本從事和食品業完全無關的工作，憑著做給最愛的太太和家人食用的心意，展開了這一段酸甜機緣。憑著太太本身愛吃水果的心意，柯博仁特別找來了種水果的親戚，先從果汁店開始發跡，結合在地新鮮食材、採用最天然簡單工法、不加香料、色素、人工調味，逐漸研發了果醬、果乾等健康美味，後來更研發出新鮮水果優格，以繽紛色彩、新鮮風味、果香層次，巧妙堆疊出優格的夢幻逸趣！一開始嘉義人還不太能接受優格酸酸的滋味，柯老闆只好挨家挨戶，親自拜訪嘉義各個校園、公司行號，以免費試吃來推廣自家產品，也從客人的反饋中，慢慢琢磨出如何調整配方，研發出讓酸味延後，大小朋友都會一吃愛上的優格口味，才逐漸打開知名度，當初還只是店中配角的優格，如今已躍升為主角了！手作優格符合SGS檢驗認證，新,嘉義市東區義教街927號,60073,,886-5-2750019,週一 ~ 週六   09:00–20:00 週日公休,ChiayiTravel,,https://travel.chiayi.gov.tw/upload/delicacies/5f3b05428817b84aa94d20da2a18c484.JPG,渼橘客新鮮果優格專賣店,,,,,120.452173,23.500289,1,,2018/12/21 15:26:30
C3_376600000A_000010,上島咖啡,因為一段機緣，上島咖啡在1979年懵懵懂懂地誕生了。在上島咖啡，你可以聆聽到台灣飲品事業的演進史，可以品嚐到新鮮烘焙的咖啡單品，與之共賞時代更迭，這是嘉義的經典，也是不斷進步的呈現。老闆吳一正回想30多年前踏入烘焙咖啡事業，當時真的很少人懂得咖啡這門藝術，因為自己喜愛和眼光而堅持，其中更歷經了泡沫紅茶盛行的年代，卻也因為當年累積的咖啡、飲品原物料實力，把握這個機會創新轉變，造就了咖啡飲品、餐飲通路百貨的今日。聊到這裡，相信許多嘉義人的故事，都在此發生，透過一杯咖啡，陪伴了多少嘉義人的美好回憶。經過了 30多年的功力歷練，可說是嘉義咖啡烘焙達人，堅持架上的咖啡豆一定是7日內新鮮烘焙的，所選的原物料、沖泡器具都一手把關，這裡賣的不只是咖啡，而是一個分享咖啡、品嚐咖啡的空間，挑高寬敞又明亮的賣場，讓來過這的人都相談盛歡、啜飲出真感情。&nbsp;近年來引領在地咖啡文化風潮，提供各式教學課程，希望,因為一段機緣，上島咖啡在1979年懵懵懂懂地誕生了。在上島咖啡，你可以聆聽到台灣飲品事業的演進史，可以品嚐到新鮮烘焙的咖啡單品，與之共賞時代更迭，這是嘉義的經典，也是不斷進步的呈現。老闆吳一正回想30多年前踏入烘焙咖啡事業，當時真的很少人懂得咖啡這門藝術，因為自己喜愛和眼光而堅持，其中更歷經了泡沫紅茶盛行的年代，卻也因為當年累積的咖啡、飲品原物料實力，把握這個機會創新轉變，造就了咖啡飲品、餐飲通路百貨的今日。聊到這裡，相信許多嘉義人的故事，都在此發生，透過一杯咖啡，陪伴了多少嘉義人的美好回憶。經過了 30多年的功力歷練，可說是嘉義咖啡烘焙達人，堅持架上的咖啡豆一定是7日內新鮮烘焙的，所選的原物料、沖泡器具都一手把關，這裡賣的不只是咖啡，而是一個分享咖啡、品嚐咖啡的空間，挑高寬敞又明亮的賣場，讓來過這的人都相談盛歡、啜飲出真感情。&nbsp;近年來引領在地咖啡文化風潮，提供各式教學課程，希望,嘉義市東區興業東路156號,60057,,886-5-2259248,週一 ~ 週日   09:00–21:00,ChiayiTravel,,https://travel.chiayi.gov.tw/upload/delicacies/3fc268c4ab17b073d3b498944ba67350.JPG,上島咖啡,,,,,120.45787910000001,23.4694664,1,,2018/12/21 12:32:20
C3_376600000A_000011,Casa Lounge Bar,每當嘉義市跌入夜晚的懷抱裡，華燈初上，店長施義哲（小毛）會打開位於大雅路上的Casa Lounge Bar的大門，店內橘紅色的牆面將酒吧調和成一間溫暖的空間，迎接任何一位在夜晚需要小酌一杯的靈魂。在Casa Lounge Bar之前，小毛做過修車服務、汽車業務，近10年的時間在外縣市奔走風塵，後來想想，似乎任何事情都比不上家鄉的家人重要與可貴，所以不如就回嘉吧。「那時這個店面剛好要收起來，想說就把店頂下來投資，誰知道變成自己下海。」小毛笑著說到，在開店的前兩年，因為沉重的壓力，逼不得已的情況下只休過三天的休假，直到開店第三年，經營漸漸穩定，小毛才增加到一個月一天休假時間，到外縣市的酒吧取經、學習他們的優點。小毛有感Casa為少數在嘉義市專賣調酒的酒吧，讓店內的調酒訴說嘉義的故事也成為他的課題。運用自己的茶農朋友提供的茶葉，讓自己的調酒蘊含阿里山巍峨的風味；選用嘉義在地的鳳梨，增添調酒裡酸甜,每當嘉義市跌入夜晚的懷抱裡，華燈初上，店長施義哲（小毛）會打開位於大雅路上的Casa Lounge Bar的大門，店內橘紅色的牆面將酒吧調和成一間溫暖的空間，迎接任何一位在夜晚需要小酌一杯的靈魂。在Casa Lounge Bar之前，小毛做過修車服務、汽車業務，近10年的時間在外縣市奔走風塵，後來想想，似乎任何事情都比不上家鄉的家人重要與可貴，所以不如就回嘉吧。「那時這個店面剛好要收起來，想說就把店頂下來投資，誰知道變成自己下海。」小毛笑著說到，在開店的前兩年，因為沉重的壓力，逼不得已的情況下只休過三天的休假，直到開店第三年，經營漸漸穩定，小毛才增加到一個月一天休假時間，到外縣市的酒吧取經、學習他們的優點。小毛有感Casa為少數在嘉義市專賣調酒的酒吧，讓店內的調酒訴說嘉義的故事也成為他的課題。運用自己的茶農朋友提供的茶葉，讓自己的調酒蘊含阿里山巍峨的風味；選用嘉義在地的鳳梨，增添調酒裡酸甜,嘉義市東區大雅路二段512號,60076,,886-922882673,週一 ~ 週日   19:00–01:00,ChiayiTravel,,https://travel.chiayi.gov.tw/upload/delicacies/0537dd5cab2de7c2f461b04feeed04c3.JPG,Casa Lounge Bar,,,,,120.47005620000004,23.4779411,1,,2018/12/21 14:35:49
C3_376600000A_000012,木更咖啡,木更咖啡的店主Orisun從大學開始就對於經典的設計物品有興趣，除了在宿舍裡擺了EAMES的座椅，也會在網路販售國外老品衣物。工業設計研究所畢業後，漸漸萌生了創造一個設計和生活相輔相成的空間這份想法。「開一間有差異化的咖啡店」是Orisun創業的理念，加上同為設計師太太和烘焙師妹妹的支持，本來在不同縣市的三人，一起聚集回嘉，各自在這個空間發揮自己的長才。身為風和日麗獨立唱片的嘉義唯一展售點，加乘店內有味道的進口經典老件桌椅、簡單卻讓人回味的咖啡甜點，這些特質讓木更咖啡獲得不少在嘉義市尋求演出空間的國內外音樂表演者青睞。&nbsp;木更咖啡將舊的檜木重新設計組合成木框甜點展示櫃，十足地詮釋了「木」的「更」新的概念。同時，將生活中不易觸碰的各種經典設計結合平易近人的甜點、咖啡，讓客人在店裡使用器具後也可以直接買回家，而各樣恰到好處的擺設單品，讓客人在店鋪內的舉足之處都很有意思。優質的器具和環境,木更咖啡的店主Orisun從大學開始就對於經典的設計物品有興趣，除了在宿舍裡擺了EAMES的座椅，也會在網路販售國外老品衣物。工業設計研究所畢業後，漸漸萌生了創造一個設計和生活相輔相成的空間這份想法。「開一間有差異化的咖啡店」是Orisun創業的理念，加上同為設計師太太和烘焙師妹妹的支持，本來在不同縣市的三人，一起聚集回嘉，各自在這個空間發揮自己的長才。身為風和日麗獨立唱片的嘉義唯一展售點，加乘店內有味道的進口經典老件桌椅、簡單卻讓人回味的咖啡甜點，這些特質讓木更咖啡獲得不少在嘉義市尋求演出空間的國內外音樂表演者青睞。&nbsp;木更咖啡將舊的檜木重新設計組合成木框甜點展示櫃，十足地詮釋了「木」的「更」新的概念。同時，將生活中不易觸碰的各種經典設計結合平易近人的甜點、咖啡，讓客人在店裡使用器具後也可以直接買回家，而各樣恰到好處的擺設單品，讓客人在店鋪內的舉足之處都很有意思。優質的器具和環境,嘉義市成仁街189號,600,,886-5-2232288,周二 ~ 周五 11:00–19:00  周六、日 10:30–19:00  周一公休,ChiayiTravel,,https://travel.chiayi.gov.tw/upload/delicacies/00c81d82bae7f19be4a5e10b80489942.jpg,木更咖啡,,,,,,,1,,2018/12/21 04:39:39
C3_376600000A_000013,藏咖啡,步調緊湊的都市生活，越渴望摻入慢生活當調劑，每到夜晚，想喝一杯咖啡，真有這麼難嗎?藏咖啡老闆小彰秉持著用合理的價格，喝到一杯好咖啡的初衷，選用輕工業風格，白天有明亮的光線照入，將材質點亮成生活裡的風尚優雅，夜晚溫暖的燈光，賦予空間靜謐從容，不多的桌數安排，親手佈置出這間不擁擠、平日下班後也能坐下來好好喝杯咖啡的地方，特別開到晚上11、12點，讓你無論是獨處或是相聚時刻，都能無負擔享受藏咖啡帶來逸趣食光。&nbsp;除了嚴選的咖啡單品，特別搭配上手製甜點，堅持選用簡單的在地鮮乳、當季新鮮水果，做出最純粹安心的味道，樸實的食材選擇，在經過小彰的巧思淬鍊，化身為讓味蕾、感官都驚艷的滋味，從咖啡拿鐵、焦糖瑪奇朵、當季野莓起司蛋糕、泡芙...由輕轉濃的美味節奏，預言了每一日的甜蜜饗宴，最特別的是假日限定、限量手作的彩虹千層蛋糕，繽紛可愛的彩虹色系，讓人不禁少女心大爆發，殺死不少女孩的相機容量，透過年,步調緊湊的都市生活，越渴望摻入慢生活當調劑，每到夜晚，想喝一杯咖啡，真有這麼難嗎?藏咖啡老闆小彰秉持著用合理的價格，喝到一杯好咖啡的初衷，選用輕工業風格，白天有明亮的光線照入，將材質點亮成生活裡的風尚優雅，夜晚溫暖的燈光，賦予空間靜謐從容，不多的桌數安排，親手佈置出這間不擁擠、平日下班後也能坐下來好好喝杯咖啡的地方，特別開到晚上11、12點，讓你無論是獨處或是相聚時刻，都能無負擔享受藏咖啡帶來逸趣食光。&nbsp;除了嚴選的咖啡單品，特別搭配上手製甜點，堅持選用簡單的在地鮮乳、當季新鮮水果，做出最純粹安心的味道，樸實的食材選擇，在經過小彰的巧思淬鍊，化身為讓味蕾、感官都驚艷的滋味，從咖啡拿鐵、焦糖瑪奇朵、當季野莓起司蛋糕、泡芙...由輕轉濃的美味節奏，預言了每一日的甜蜜饗宴，最特別的是假日限定、限量手作的彩虹千層蛋糕，繽紛可愛的彩虹色系，讓人不禁少女心大爆發，殺死不少女孩的相機容量，透過年,嘉義市東區中山路233號,60041,,886-5-2255622,週日 ~ 週四   09:00–23:00 週五、六   09:00–00:00,ChiayiTravel,,https://travel.chiayi.gov.tw/upload/delicacies/d09d8d9779de99995dd0a466596dd9d4.JPG,藏咖啡,,,,,120.451757,23.4808787,1,,2018/12/21 18:15:14
C3_376600000A_000014,25×40藝文空間,25歲正在台北上班的黃逸蓁，在閱讀了「傷心咖啡店之歌」一書後，想要開一間咖啡店的夢想就這樣萌生了。走過15年的職場生涯後，終於40歲的時候，在嘉義市的中正路完成了夢想。這就是25x40藝文空間兩個數字的命名由來。踏進25x40藝文空間，檜木老屋訴說著他們60年以上的歷史，這也是當黃逸蓁第一眼看到這間老屋時便決定要承租，並花費了三個月的時間進行修繕的原因，挑高沒有隔間的架構，彷彿敞開雙手歡迎任何過路客無意間的拜訪。店內提供的是不定期展覽與販售的文創作品，起因逸蓁就讀研究所時，在探討文創商品時有感許多藝文或是手創人士鮮少有展出作品的機會，因此希望透過提供一個平台可以讓他們的藝文作品能嶄露頭角。除了展售實體商品外，逸蓁也自行策劃各式藝文活動，經常邀請全國知名人士至店舉辦講座、工作坊、音樂會，希望藉由舉辦這些活動促進與活絡嘉義市的藝文交流。&nbsp;店面的檜木老屋在以前與隔壁棟相連，施工的師傅說,25歲正在台北上班的黃逸蓁，在閱讀了「傷心咖啡店之歌」一書後，想要開一間咖啡店的夢想就這樣萌生了。走過15年的職場生涯後，終於40歲的時候，在嘉義市的中正路完成了夢想。這就是25x40藝文空間兩個數字的命名由來。踏進25x40藝文空間，檜木老屋訴說著他們60年以上的歷史，這也是當黃逸蓁第一眼看到這間老屋時便決定要承租，並花費了三個月的時間進行修繕的原因，挑高沒有隔間的架構，彷彿敞開雙手歡迎任何過路客無意間的拜訪。店內提供的是不定期展覽與販售的文創作品，起因逸蓁就讀研究所時，在探討文創商品時有感許多藝文或是手創人士鮮少有展出作品的機會，因此希望透過提供一個平台可以讓他們的藝文作品能嶄露頭角。除了展售實體商品外，逸蓁也自行策劃各式藝文活動，經常邀請全國知名人士至店舉辦講座、工作坊、音樂會，希望藉由舉辦這些活動促進與活絡嘉義市的藝文交流。&nbsp;店面的檜木老屋在以前與隔壁棟相連，施工的師傅說,嘉義市西區中正路554號,60042,,886-905188033,週一、二、週五 ~ 週日   13:30–21:00 週三、四公休,ChiayiTravel,,https://travel.chiayi.gov.tw/upload/delicacies/3d385079b045bed4b53f87b0cd0fad81.jpg,25×40藝文空間,,,,,120.4466113,23.4789133,1,,2018/12/21 17:50:53
C3_376600000A_000015,Fei Fei 小餐館,「Fei Fei是我的貓咪，為了要紀念牠陪伴我的這些日子，才用牠的名字命名」，充滿思念的語氣，娓娓道來這間餐館命名由來，他是這間餐館的老闆兼甜點師－黃凱傑 。在製造業打轉12年的他，因為興趣緣故而轉戰烘焙業，「因為我很喜歡美食」他靦腆地說道，為了這句話，憑藉這股熱忱學習、上烘焙課，進而成立自己的品牌「Fei Fei Cookie」─在網路上販賣手工餅乾和甜點，更展開客製化的喜餅製作。創立品牌的初衷是堅持自己的烘焙不加任何添加物，要用最純粹的美味感動人心、用最單純的食材觸動味蕾，在小餐館開幕後，這股初衷仍舊延續燃燒，只為讓更多顧客感受到簡單卻真誠的心意。「戀戀巧克和雪花餅是最推薦的產品，雖然用的食材都很頂級，但是價錢卻很平價」，談到自己最拿手的手工餅乾時，黃凱傑滔滔不絕說著，「因為簡單、美味、平價是店內最重要的元素」，他又補充說道，秉持著小餐館三大原則，更能想像他想要這家店帶給顧客的感受物超,「Fei Fei是我的貓咪，為了要紀念牠陪伴我的這些日子，才用牠的名字命名」，充滿思念的語氣，娓娓道來這間餐館命名由來，他是這間餐館的老闆兼甜點師－黃凱傑 。在製造業打轉12年的他，因為興趣緣故而轉戰烘焙業，「因為我很喜歡美食」他靦腆地說道，為了這句話，憑藉這股熱忱學習、上烘焙課，進而成立自己的品牌「Fei Fei Cookie」─在網路上販賣手工餅乾和甜點，更展開客製化的喜餅製作。創立品牌的初衷是堅持自己的烘焙不加任何添加物，要用最純粹的美味感動人心、用最單純的食材觸動味蕾，在小餐館開幕後，這股初衷仍舊延續燃燒，只為讓更多顧客感受到簡單卻真誠的心意。「戀戀巧克和雪花餅是最推薦的產品，雖然用的食材都很頂級，但是價錢卻很平價」，談到自己最拿手的手工餅乾時，黃凱傑滔滔不絕說著，「因為簡單、美味、平價是店內最重要的元素」，他又補充說道，秉持著小餐館三大原則，更能想像他想要這家店帶給顧客的感受物超,嘉義市西區蘭井街246-1號,60047,,886-5-2255123,週一 ~ 週三   11:00–14:30、17:00–21:00 週四公休,ChiayiTravel,,https://travel.chiayi.gov.tw/upload/delicacies/24484b4ce41c88af0a7d2512ecb090b9.JPG,Fei Fei 小餐館,,,,,120.4468668,23.4772942,1,,2018/12/21 22:59:07
C3_376600000A_000016,黑爾詩健康烘焙,民國78年，在美國的鄧淑玲因為懷孕吃不慣油膩重鹹的食品，而開始了她的研發烘焙之路。回到台灣後，因食安事件頻傳，成立了黑爾詩工作室，提供天然酵母麵包預訂宅配的服務。鄧淑玲堅持自己的麵包需100%天然並搭配當季食材，因擔心半成品可能有食品添加劑，所以餡料也儘可能自行製作，實地參訪小農確保原物料品質。鄧淑玲的做法是採用天然的酸麵團酵母菌群低溫長時間發酵，在沒有任何人工添加劑的情況下，發展出天然風味與口感，店內的每一個麵包都是歷經40多個小時製程的健康養生麵包。因消費者對黑爾詩的肯定，在民國103年，黑爾詩有了實體店面，為提升產品品質更在105年通過ISO 9001認證。儘管天然酵母麵包做法繁複耗時，甚至經常受到氣候的影響，但讓淑玲一路堅持的初衷，就是客人的肯定與支持。天然與健康的養生麵包，是許多愛好健身運動、注重養生的顧客的不二選擇，尤其對於罹患三高的患者也深具吸引力，因為吃了淑玲的麵包，完全不,民國78年，在美國的鄧淑玲因為懷孕吃不慣油膩重鹹的食品，而開始了她的研發烘焙之路。回到台灣後，因食安事件頻傳，成立了黑爾詩工作室，提供天然酵母麵包預訂宅配的服務。鄧淑玲堅持自己的麵包需100%天然並搭配當季食材，因擔心半成品可能有食品添加劑，所以餡料也儘可能自行製作，實地參訪小農確保原物料品質。鄧淑玲的做法是採用天然的酸麵團酵母菌群低溫長時間發酵，在沒有任何人工添加劑的情況下，發展出天然風味與口感，店內的每一個麵包都是歷經40多個小時製程的健康養生麵包。因消費者對黑爾詩的肯定，在民國103年，黑爾詩有了實體店面，為提升產品品質更在105年通過ISO 9001認證。儘管天然酵母麵包做法繁複耗時，甚至經常受到氣候的影響，但讓淑玲一路堅持的初衷，就是客人的肯定與支持。天然與健康的養生麵包，是許多愛好健身運動、注重養生的顧客的不二選擇，尤其對於罹患三高的患者也深具吸引力，因為吃了淑玲的麵包，完全不,嘉義市西區五顯街178號,60094,,886-5-2337318,週一 ~ 週日   10:00–20:00,ChiayiTravel,http://healthbakery.blogspot.tw/,https://travel.chiayi.gov.tw/upload/delicacies/b1bed2f37a66977abeced2f0b666cdfe.jpg,黑爾詩健康烘焙,,,,,120.4448348,23.4870015,1,,2018/12/21 21:30:22
C3_376600000A_000017,活泉人文茶館,近年來嘉義市「檜意森活村」的興起，帶動更多觀光客體驗小都市慢活與悠閒的生活步調。活泉人文茶坊位於檜意森活村入口處，坐擁一片清幽的荷花池景緻。由大同技術學院茶文化與事業經營學程的方教授所成立的活泉人文茶坊，入駐檜意森活村已餘三年，希望提供一個可以讓國內外旅客靜下心來品味台灣高山茶的甘甜、體驗東方茶之美及推廣茶文化的空間。在2014年至2016年間，活泉人文陸續接待了許多外國貴賓，將千百年的茶歷史沖成一壺壺溫熱的茶飲，令賓客感受活泉人文事茶的溫度。踏進活泉人文茶坊，各式精美的茶器、陶藝品溫柔而堅定的座落各自位置，彷彿與世隔絕的君子不染一點俗世灰塵。當目光越過檜木窗櫺，雅緻的荷花池景色凝結了時光焦躁的步伐，引領客人不由自主地落定窗邊木桌，享受高山茶與閒情陪坐的時光。活泉「戀茶食尚」系列茶點，提供手作愛情玫瑰塔、幸福彩虹酥與浪漫蝶豆花茶。店內的搗茶體驗，由自己選定單品茶後，以類似客家擂茶的手法，用,近年來嘉義市「檜意森活村」的興起，帶動更多觀光客體驗小都市慢活與悠閒的生活步調。活泉人文茶坊位於檜意森活村入口處，坐擁一片清幽的荷花池景緻。由大同技術學院茶文化與事業經營學程的方教授所成立的活泉人文茶坊，入駐檜意森活村已餘三年，希望提供一個可以讓國內外旅客靜下心來品味台灣高山茶的甘甜、體驗東方茶之美及推廣茶文化的空間。在2014年至2016年間，活泉人文陸續接待了許多外國貴賓，將千百年的茶歷史沖成一壺壺溫熱的茶飲，令賓客感受活泉人文事茶的溫度。踏進活泉人文茶坊，各式精美的茶器、陶藝品溫柔而堅定的座落各自位置，彷彿與世隔絕的君子不染一點俗世灰塵。當目光越過檜木窗櫺，雅緻的荷花池景色凝結了時光焦躁的步伐，引領客人不由自主地落定窗邊木桌，享受高山茶與閒情陪坐的時光。活泉「戀茶食尚」系列茶點，提供手作愛情玫瑰塔、幸福彩虹酥與浪漫蝶豆花茶。店內的搗茶體驗，由自己選定單品茶後，以類似客家擂茶的手法，用,嘉義市東區共和路199巷4號,60050,,886-5-2712159,週一 ~ 週日   10:00–18:00,ChiayiTravel,,https://travel.chiayi.gov.tw/upload/delicacies/b37cd39eab2043ea414641725f6ec621.JPG,活泉人文茶館,,,,,120.4560784,23.474971,1,,2018/12/20 15:25:42
C3_376600000A_000018,芬芳園企業社,茶磚，也能造型化？沒錯，在「芬芳園企業社」裡，除了可以客製化茶磚的設計外，也有12生肖茶磚的製作，「因為送禮的話，顧客容易挑選自己或者是對方的生肖」，老闆娘何芬芳對於自己的發想頗為自豪，「而且因為太過精緻漂亮，客人反而都捨不得喝」，話語裡聽得出她對這份事業的驕傲，然而，這一切的成就並非從天而降。多年前一場車禍奪走了老闆的生命，頓時也讓生計陷入困境，因緣際會下接觸了老闆生前熱愛的茶葉，於是讓她至茶行從頭開始學習、摸索，一方面為延續老闆的遺願，一方面也是讓自己有捲土重來的機會。對於傳統技術很講究的何芬芳，堅持自採茶葉、手炒茶及烘茶，並且致力於創新研發，近年來更極力推廣「咖啡葉」。因為何芬芳注重養生、保健，想要讓國人對於咖啡葉有更多的了解與認識，她侃侃而談：「咖啡葉沒有咖啡因，而且泡越久越好喝，不會有任何苦澀，重要的是它還具有保健功效」。除了專注在創新研發上，何芬芳對於嘉義意象的傳達也不遺餘力，,茶磚，也能造型化？沒錯，在「芬芳園企業社」裡，除了可以客製化茶磚的設計外，也有12生肖茶磚的製作，「因為送禮的話，顧客容易挑選自己或者是對方的生肖」，老闆娘何芬芳對於自己的發想頗為自豪，「而且因為太過精緻漂亮，客人反而都捨不得喝」，話語裡聽得出她對這份事業的驕傲，然而，這一切的成就並非從天而降。多年前一場車禍奪走了老闆的生命，頓時也讓生計陷入困境，因緣際會下接觸了老闆生前熱愛的茶葉，於是讓她至茶行從頭開始學習、摸索，一方面為延續老闆的遺願，一方面也是讓自己有捲土重來的機會。對於傳統技術很講究的何芬芳，堅持自採茶葉、手炒茶及烘茶，並且致力於創新研發，近年來更極力推廣「咖啡葉」。因為何芬芳注重養生、保健，想要讓國人對於咖啡葉有更多的了解與認識，她侃侃而談：「咖啡葉沒有咖啡因，而且泡越久越好喝，不會有任何苦澀，重要的是它還具有保健功效」。除了專注在創新研發上，何芬芳對於嘉義意象的傳達也不遺餘力，,嘉義市東區興安街145巷23號,60064,,886-5-2253688,週一 ~ 週日   10:00–18:00,ChiayiTravel,,https://travel.chiayi.gov.tw/upload/delicacies/eb530f6a313c86a306dd17a62ab48116.JPG,芬芳園企業社,,,,,120.4508711,23.460119,1,,2018/12/21 13:51:45
C3_376600000A_000019,滿冠茶園,在手搖飲料店與日俱增的時代，大多數人喜歡快速、方便帶走的茶飲，卻往往忘記一件事實：一杯好喝的茶，是需要時間沖泡開來的。滿冠茶園的范怡珍熟知這件事實，因此民國103年時在文化路上開設了滿冠茶園，為得就是要親自將自己製的茶泡給消費者喝。怡珍說，喝茶這件事最需要的是面對面交流的平台，她必須透過完整的沏茶過程，讓客人了解店內每一款茶葉的香氣、口感與特色，例如蜜香烏龍的天然果香裡面悄悄偷渡了淡雅的蜜香，青心烏龍濃郁的茶湯在入口之後便為一股清新滑順的泉水，隨著每年每季的氣候不同，同一款茶葉如何因時制宜地變換自身的口味，這些故事都需要透過好幾壺茶的時間慢慢說給客人聽，因此一組客人往往需要一個小時以上的接待，但怡珍卻樂在其中，她說，接待客人的這些時間都堆砌成她開店至今最大的收穫。滿冠茶園的茶葉不追求華美的包裝，只堅持茶葉從自家種植、採摘、烘焙製作、包裝到販售，不能有一個步驟假手他人，光是106年送給SGS,在手搖飲料店與日俱增的時代，大多數人喜歡快速、方便帶走的茶飲，卻往往忘記一件事實：一杯好喝的茶，是需要時間沖泡開來的。滿冠茶園的范怡珍熟知這件事實，因此民國103年時在文化路上開設了滿冠茶園，為得就是要親自將自己製的茶泡給消費者喝。怡珍說，喝茶這件事最需要的是面對面交流的平台，她必須透過完整的沏茶過程，讓客人了解店內每一款茶葉的香氣、口感與特色，例如蜜香烏龍的天然果香裡面悄悄偷渡了淡雅的蜜香，青心烏龍濃郁的茶湯在入口之後便為一股清新滑順的泉水，隨著每年每季的氣候不同，同一款茶葉如何因時制宜地變換自身的口味，這些故事都需要透過好幾壺茶的時間慢慢說給客人聽，因此一組客人往往需要一個小時以上的接待，但怡珍卻樂在其中，她說，接待客人的這些時間都堆砌成她開店至今最大的收穫。滿冠茶園的茶葉不追求華美的包裝，只堅持茶葉從自家種植、採摘、烘焙製作、包裝到販售，不能有一個步驟假手他人，光是106年送給SGS,嘉義市東區文化路 260 號,60044,,886-5-2776577,週一 ~ 週日   14:00–22:00,ChiayiTravel,,https://travel.chiayi.gov.tw/upload/delicacies/d0417c9c725b8f4fadc385de897f85b8.JPG,滿冠茶園,,,,,120.4489944,23.4828362,1,,2018/12/21 23:41:05
C3_376600000A_000020,卓武咖啡,民國90年，許定燁的父親許峻榮毅然決然結束自家的茶葉生產，在阿里山南端最險峻的卓武山，改種咖啡樹。一開始對於咖啡豆知識一知半解，是位十足的咖啡門外漢，經過五年備嘗艱辛的鑽研、摸索，從農場管理、採豆、炒豆，每個環節許峻榮都事必躬親，為了確保品質，戴著老花眼鏡一粒一粒的篩選著咖啡豆，每日每夜挑著揀著，終於揀選出「國產精品咖啡豆評鑑」全國頭等獎的咖啡豆，將一串串的紅寶石化為卓武山農場的代表作。回憶起父親在這五年期間的辛苦，許定燁說：「那時候曾經累積了2年、快700公斤的生豆賣不出去。」在民國96年，為了協助推廣自家產的咖啡豆，許定燁在嘉義市區開了店，店名就叫「卓武咖啡」，店內除了販售自家農場產的咖啡豆飲品外，隨著時間推移，慢慢增加了甜點、早午餐、咖啡沖煮器具、咖啡禮盒等豐富的品項。即使擁有「全國頭等獎咖啡」的殊榮，許定燁對於店內的咖啡品質依舊不敢怠慢，為能對店內的咖啡進行嚴格把關，繼續學習精進、,民國90年，許定燁的父親許峻榮毅然決然結束自家的茶葉生產，在阿里山南端最險峻的卓武山，改種咖啡樹。一開始對於咖啡豆知識一知半解，是位十足的咖啡門外漢，經過五年備嘗艱辛的鑽研、摸索，從農場管理、採豆、炒豆，每個環節許峻榮都事必躬親，為了確保品質，戴著老花眼鏡一粒一粒的篩選著咖啡豆，每日每夜挑著揀著，終於揀選出「國產精品咖啡豆評鑑」全國頭等獎的咖啡豆，將一串串的紅寶石化為卓武山農場的代表作。回憶起父親在這五年期間的辛苦，許定燁說：「那時候曾經累積了2年、快700公斤的生豆賣不出去。」在民國96年，為了協助推廣自家產的咖啡豆，許定燁在嘉義市區開了店，店名就叫「卓武咖啡」，店內除了販售自家農場產的咖啡豆飲品外，隨著時間推移，慢慢增加了甜點、早午餐、咖啡沖煮器具、咖啡禮盒等豐富的品項。即使擁有「全國頭等獎咖啡」的殊榮，許定燁對於店內的咖啡品質依舊不敢怠慢，為能對店內的咖啡進行嚴格把關，繼續學習精進、,嘉義市西區民生北路194號,60048,,886-5-2225896,週一 ~ 週日   08:00–17:00,ChiayiTravel,,https://travel.chiayi.gov.tw/upload/delicacies/a1caaecfb09c9ae3e8d67405dbe25250.JPG,卓武咖啡,,,,,120.4464414,23.4787066,1,,2018/12/20 16:23:08
C3_376600000A_000021,新台灣餅舖,民國103年，電影KANO締造了3.4億的票房佳績，在同一年，於竹北光電產業公司擔任日文翻譯的盧雅羚，結束在外十幾年的職業生涯，回到嘉義市，協助自己年邁的爸爸經營家裡的店舖。新台灣餅舖最早可以追溯到日治時期1901年，由日本人吉田秀太郎所經營的「日向屋」，當時曾是日本皇太子來台出巡時的御用點心指定店，日向屋的倩影，在電影KANO裡面被還原了出來。光復過後由盧福接手繼續經營，正式將店鋪更名為「新台灣餅舖」，並且特別聘請了日本和菓子大師新見幸一來店鋪駐點指導，為的是將日向屋的點心一一重現，包含神木羊羹、日式饅頭、浮雪餅等點心，每一樣都延續了日式職人的用心與技藝，每一樣都乘載著日向屋的歷史故事。現在的新台灣餅舖由盧福的第二代、雅羚的父親盧昆常繼續經營，秉持著爸爸盧福「忠於原味、師法自然」的精神，推出了不添加防腐劑、內涵豐富餡料的傳統麻糬，讓饕客一次可以吃到紅豆、花生、芝麻三種內餡，並且配合現代人,民國103年，電影KANO締造了3.4億的票房佳績，在同一年，於竹北光電產業公司擔任日文翻譯的盧雅羚，結束在外十幾年的職業生涯，回到嘉義市，協助自己年邁的爸爸經營家裡的店舖。新台灣餅舖最早可以追溯到日治時期1901年，由日本人吉田秀太郎所經營的「日向屋」，當時曾是日本皇太子來台出巡時的御用點心指定店，日向屋的倩影，在電影KANO裡面被還原了出來。光復過後由盧福接手繼續經營，正式將店鋪更名為「新台灣餅舖」，並且特別聘請了日本和菓子大師新見幸一來店鋪駐點指導，為的是將日向屋的點心一一重現，包含神木羊羹、日式饅頭、浮雪餅等點心，每一樣都延續了日式職人的用心與技藝，每一樣都乘載著日向屋的歷史故事。現在的新台灣餅舖由盧福的第二代、雅羚的父親盧昆常繼續經營，秉持著爸爸盧福「忠於原味、師法自然」的精神，推出了不添加防腐劑、內涵豐富餡料的傳統麻糬，讓饕客一次可以吃到紅豆、花生、芝麻三種內餡，並且配合現代人,嘉義市西區中山路294號,60041,,886-5-2222154,週日 ~ 週四   08:30–21:30 週五、六   08:30–22:00,ChiayiTravel,http://www.newtaiwan-bakery.com.tw/,https://travel.chiayi.gov.tw/upload/delicacies/211818b09d066a2703858240c818ad1d.JPG,新台灣餅舖,,,,,120.4492894,23.4798907,1,,2018/12/21 17:55:58
C3_376600000A_000022,infusion蛋糕紅茶專賣店,對infusion蛋糕紅茶專賣店的店長張嘉宏而言最大的難題是：當我要他指出店內最推薦的餐點。經過外縣市7年的風塵洗滌後，嘉宏在105年回到嘉義市，與認識的甜點師傅賴宜含在嘉義市素有「美街」之稱的小小街道，合開了infusion蛋糕紅茶專賣店。店面口是一大片的玻璃落地窗，交織著白色窗櫺如同畫框般將店內的風景分割成一幅又一幅溫馨靜謐的畫作。踏入畫的世界，舒適的氛圍與音樂漫不經意地在空間裡晃悠，引領著每位客人自然而然的成為藝術作品裡不可或缺的一隅。吧檯甜點櫃裡擺放的每一樣法式甜點，都是宜含結合自己在法國求學經驗與生活上各式的靈感故事，經過一至兩個月的時間研發、創作出來的，宜含將自己過去在學習音樂鍥而不捨、鐵杵磨針的精神，投注在甜點創作上，因此她的甜點樣樣都具備豐富而多樣的美感層次。配合不同的甜點，吧檯的嘉宏會推薦不同的單品茶，店內的茶品從茶葉挑選、沖煮到端給客人，每道程序都經過嘉宏的謹慎把關，將,對infusion蛋糕紅茶專賣店的店長張嘉宏而言最大的難題是：當我要他指出店內最推薦的餐點。經過外縣市7年的風塵洗滌後，嘉宏在105年回到嘉義市，與認識的甜點師傅賴宜含在嘉義市素有「美街」之稱的小小街道，合開了infusion蛋糕紅茶專賣店。店面口是一大片的玻璃落地窗，交織著白色窗櫺如同畫框般將店內的風景分割成一幅又一幅溫馨靜謐的畫作。踏入畫的世界，舒適的氛圍與音樂漫不經意地在空間裡晃悠，引領著每位客人自然而然的成為藝術作品裡不可或缺的一隅。吧檯甜點櫃裡擺放的每一樣法式甜點，都是宜含結合自己在法國求學經驗與生活上各式的靈感故事，經過一至兩個月的時間研發、創作出來的，宜含將自己過去在學習音樂鍥而不捨、鐵杵磨針的精神，投注在甜點創作上，因此她的甜點樣樣都具備豐富而多樣的美感層次。配合不同的甜點，吧檯的嘉宏會推薦不同的單品茶，店內的茶品從茶葉挑選、沖煮到端給客人，每道程序都經過嘉宏的謹慎把關，將,嘉義市東區成仁街179號,60046,,886-5-2270300,週三 ~ 週日   13:00–19:00 週一、二公休,ChiayiTravel,,https://travel.chiayi.gov.tw/upload/delicacies/5848d59da305c493d08c627a26c624dd.jpg,infusion蛋糕紅茶專賣店,,,,,120.4520577,23.4802819,1,,2018/12/21 21:27:49
C3_376600000A_000023,舊時光新鮮事,「我對於古蹟、歷史文化的保存和文藝欣賞都很有興趣」，「舊時光新鮮事」的執行長張嘉秀，一開始就解釋了為什麼要修復70年老屋，跨領域的經營一家餐廳，「但是我們不能只保留老屋的歷史感，還必須跟著時代的脈動前進」，她又補充店名注入「新鮮事」的原因。對於經營很有自己想法的張嘉秀執行長，堅持要用在地食材入菜及在地特色元素作為內部空間裝飾的主題，不僅讓顧客吃得健康，還能一邊欣賞嘉義的地景及人文之美。例如一樓通往二樓的天花板，由藝術家盧銘世彩繪著阿里山的星空，可以看見整個銀河系；運用民雄古名「打貓」的概念，店內也有許多關於貓咪的擺設和巧思。擁有護理背景的她，將兩層樓的老屋空間發揮得淋漓盡致，一樓作為餐廳使用，二樓的場域不僅保留日式木造原味，還加上不少新的裝置藝術，成為新的社交網絡打卡點。二樓特別規劃了「足浴」的空間，希望可以多多推廣台灣足部照護的觀念。不僅在空間的創造和運用上加入許多創意，餐點的部分也不遑,「我對於古蹟、歷史文化的保存和文藝欣賞都很有興趣」，「舊時光新鮮事」的執行長張嘉秀，一開始就解釋了為什麼要修復70年老屋，跨領域的經營一家餐廳，「但是我們不能只保留老屋的歷史感，還必須跟著時代的脈動前進」，她又補充店名注入「新鮮事」的原因。對於經營很有自己想法的張嘉秀執行長，堅持要用在地食材入菜及在地特色元素作為內部空間裝飾的主題，不僅讓顧客吃得健康，還能一邊欣賞嘉義的地景及人文之美。例如一樓通往二樓的天花板，由藝術家盧銘世彩繪著阿里山的星空，可以看見整個銀河系；運用民雄古名「打貓」的概念，店內也有許多關於貓咪的擺設和巧思。擁有護理背景的她，將兩層樓的老屋空間發揮得淋漓盡致，一樓作為餐廳使用，二樓的場域不僅保留日式木造原味，還加上不少新的裝置藝術，成為新的社交網絡打卡點。二樓特別規劃了「足浴」的空間，希望可以多多推廣台灣足部照護的觀念。不僅在空間的創造和運用上加入許多創意，餐點的部分也不遑,嘉義市西區仁愛路494號,60045,,886-5-2169909,週一 ~ 週五   11:30–14:00、17:30–21:00 週六、日   11:00–21:00,ChiayiTravel,,https://travel.chiayi.gov.tw/upload/delicacies/7f85d1c9f5191b2f49680d19cffff5f7.JPG,舊時光新鮮事,,,,,120.442127,23.4763652,1,,2018/12/21 18:30:02
C3_376600000A_000024,一茶工房,一杯在地好茶的製成、一口人情好茶的心意，源自阿里山茶農的堅持。一茶工房採自然農法，樸質茶葉本色，不奢華、不誇大，秉持敬天、愛地、做好茶的在地精神，只為了傳遞喝一杯茶的幸福滋味。林盈嬌總監當年雖是繼承家業，卻也是從零開始，讀懂台灣好茶的路，每一步都走得艱辛，卻也踏實。從自家茶園產地出發，學習種茶、採茶、製茶、焙茶、到行銷茶葉、開一間品牌茶店，一手包辦最嚴格的茶葉把關，下定決心要讓客人品嚐到真真正正、道道地地的台灣好茶！一路走來沒有什麼秘訣，除了堅持，還是堅持。說到這段創業歷程，林盈嬌表示最難的是:搞懂「管理茶園」這一門深厚的學問!尤其是創業初期，每每到了山上採茶的季節，遇到經常缺工的狀況，心裡總會特別地慌，回想起這一段辛苦的日子，現在卻能笑著說:很值得！也因此敢大聲地告訴消費者「你喝的茶，我們自己種。」更是一種對於消費者、對於在地好茶的心意，也才能走出一茶品牌這條路，簡潔無華的包裝，不過分華,一杯在地好茶的製成、一口人情好茶的心意，源自阿里山茶農的堅持。一茶工房採自然農法，樸質茶葉本色，不奢華、不誇大，秉持敬天、愛地、做好茶的在地精神，只為了傳遞喝一杯茶的幸福滋味。林盈嬌總監當年雖是繼承家業，卻也是從零開始，讀懂台灣好茶的路，每一步都走得艱辛，卻也踏實。從自家茶園產地出發，學習種茶、採茶、製茶、焙茶、到行銷茶葉、開一間品牌茶店，一手包辦最嚴格的茶葉把關，下定決心要讓客人品嚐到真真正正、道道地地的台灣好茶！一路走來沒有什麼秘訣，除了堅持，還是堅持。說到這段創業歷程，林盈嬌表示最難的是:搞懂「管理茶園」這一門深厚的學問!尤其是創業初期，每每到了山上採茶的季節，遇到經常缺工的狀況，心裡總會特別地慌，回想起這一段辛苦的日子，現在卻能笑著說:很值得！也因此敢大聲地告訴消費者「你喝的茶，我們自己種。」更是一種對於消費者、對於在地好茶的心意，也才能走出一茶品牌這條路，簡潔無華的包裝，不過分華,嘉義市西區垂楊路563號,60043,,886-5-2369768,週一 ~ 週六   12:00–21:00 週日   12:00–18:00,ChiayiTravel,http://www.theonetea.com/,https://travel.chiayi.gov.tw/upload/delicacies/abb2a6e216ba4fbfed5bf72faca6715a.JPG,一茶工房,,,,,120.4407203,23.472834,1,,2018/12/21 18:30:05
C3_376600000A_000025,嘉冠喜煎餅,年近35歲在食品公司上班的陳文興，懷抱著自己創業的夢想，跨步走進一個危機重重的食品森林。從來沒有烘焙經驗的他，先從詢問前輩與相關老師開始，歷經屢次的失敗與挫折，花了將近5年的時間，才終於在森林中找到自己的一席之地。為了凸顯自家煎餅的差異性與獨特，陳文興開始研發「觀光市場」的煎餅，改變傳統煎餅的造型、口味，時時刻刻發想著各式創意十足的煎餅。周末一到，攤車一股腦兒地裝滿自己的產品，直接去觀光景點販售，時間久了，漸漸有知名度了，漸漸有其他攤商跟他批貨去賣，漸漸才發現自己的創意煎餅有更多的發揮空間，於是陳文興繼續揮灑著天馬行空的想像力。從配合木柵動物園圓仔風潮的「熊貓煎餅」到乘著黃色小鴨熱潮的「小鴨煎餅」，到現在已經可以提供廠商訂購專屬的客製化煎餅，細膩的模具可以精準的烙印出QRcode，拿出手機掃描煎餅，即刻可連到指定網頁或是臉書。不只提供造型可愛、客製化的煎餅，陳文興也特別設計專屬於嘉義市的桃,年近35歲在食品公司上班的陳文興，懷抱著自己創業的夢想，跨步走進一個危機重重的食品森林。從來沒有烘焙經驗的他，先從詢問前輩與相關老師開始，歷經屢次的失敗與挫折，花了將近5年的時間，才終於在森林中找到自己的一席之地。為了凸顯自家煎餅的差異性與獨特，陳文興開始研發「觀光市場」的煎餅，改變傳統煎餅的造型、口味，時時刻刻發想著各式創意十足的煎餅。周末一到，攤車一股腦兒地裝滿自己的產品，直接去觀光景點販售，時間久了，漸漸有知名度了，漸漸有其他攤商跟他批貨去賣，漸漸才發現自己的創意煎餅有更多的發揮空間，於是陳文興繼續揮灑著天馬行空的想像力。從配合木柵動物園圓仔風潮的「熊貓煎餅」到乘著黃色小鴨熱潮的「小鴨煎餅」，到現在已經可以提供廠商訂購專屬的客製化煎餅，細膩的模具可以精準的烙印出QRcode，拿出手機掃描煎餅，即刻可連到指定網頁或是臉書。不只提供造型可愛、客製化的煎餅，陳文興也特別設計專屬於嘉義市的桃,嘉義市西區湖子內路263-1號,60053,,886-5-2866087,週一 ~ 週六   08:00–18:00 週日公休,ChiayiTravel,http://jkcfood.u98.com.tw/,https://travel.chiayi.gov.tw/upload/delicacies/82c5e7ba33429ecf04a0f145c5226fae.JPG,嘉冠喜煎餅,,,,,120.4415822,23.4502836,1,,2018/12/20 17:11:39
C3_376600000A_000026,愛木村休閒觀光工廠,童話裡三隻小豬的故事來到現代搖身一變，就成了隱身在文化路巷弄內的「愛木村」裡的六隻小豬，透過牠們的帶領，讓遊客們經歷一場愛木村的翻新童話─認識檜木的美麗世界。愛木村的前身是順益木業，在嘉義已有半世紀的歷史，傳承至第二代顏維德夫婦時，為了延續木頭發展的可能性，持續不斷地與家中長輩溝通。從一開始的不被看好與理解，至最後獲得認同和肯定，歷經了整整三年的時間才有了愛木村的誕生，希冀透過這個空間讓更多人了解到木頭運用的層面、體認大自然中樹木的奧秘及林業發展的歷程，不僅要為林業帶來一條出路，更大的初衷是想要保留遊客們對於木頭的記憶。憑藉著此股初心，舉凡內部的裝潢設計、文案發想、空間構思等皆不假手他人，全由顏維德夫婦打造，還特別規劃了遊戲互動區與DIY木藝體驗，希望讓大小朋友們到此一遊後留下快樂的回憶與記錄，也藉以達到寓教於樂的目的。遊玩之餘，不可不嚐試一下這裡的招牌美食─檜樂蛋與水果冰棒。檜樂蛋不同於,童話裡三隻小豬的故事來到現代搖身一變，就成了隱身在文化路巷弄內的「愛木村」裡的六隻小豬，透過牠們的帶領，讓遊客們經歷一場愛木村的翻新童話─認識檜木的美麗世界。愛木村的前身是順益木業，在嘉義已有半世紀的歷史，傳承至第二代顏維德夫婦時，為了延續木頭發展的可能性，持續不斷地與家中長輩溝通。從一開始的不被看好與理解，至最後獲得認同和肯定，歷經了整整三年的時間才有了愛木村的誕生，希冀透過這個空間讓更多人了解到木頭運用的層面、體認大自然中樹木的奧秘及林業發展的歷程，不僅要為林業帶來一條出路，更大的初衷是想要保留遊客們對於木頭的記憶。憑藉著此股初心，舉凡內部的裝潢設計、文案發想、空間構思等皆不假手他人，全由顏維德夫婦打造，還特別規劃了遊戲互動區與DIY木藝體驗，希望讓大小朋友們到此一遊後留下快樂的回憶與記錄，也藉以達到寓教於樂的目的。遊玩之餘，不可不嚐試一下這裡的招牌美食─檜樂蛋與水果冰棒。檜樂蛋不同於,嘉義市東區文化路909-3號,60029,,886-5-2322441,週一 ~ 週日   09:00–17:30  週二店休,ChiayiTravel,,https://travel.chiayi.gov.tw/upload/delicacies/57022ace933ed05ecfe5dc1af3f09711.jpg,愛木村休閒觀光工廠,,,,,120.4391603,23.502252,1,,2018/12/21 11:10:30
C3_376600000A_000027,櫻花葉咖啡簡餐,台南出生的chueh，在某一次的因緣際會之下認識了櫻花葉的老闆娘Yvonne，辭去了原本的工作，開始於嘉義市中山路366巷這一條靜謐的小巷擔綱櫻花葉的店長。chueh雖然不是餐飲底子出身，但憑著對料理的熱忱及興趣，更為了研發店內新菜色，以「堅持使用嘉義在地食材」的理念，踏上了她到處尋覓美味食材的歷程。到東石尋找鮮甜美味的蚵仔、傳統菜市場裡搜索濃郁的蜂蜜、製油廠裡試飲香醇的麻油，這些奔波的辛苦並沒有在回到店內後畫下句點，緊接著的是花費大量的時間，鑽研食譜書籍、看著料理節目找尋任何一絲的靈感，絞盡腦汁想著如何將這些美味的元素，烹調成創新的在地特色料理。於是在這些反反覆覆，與食譜艱苦奮戰的過程中，一道道別出心裁、獨樹一格的料理就這樣上桌了：鴨肉鹹派、東石蚵醬麵、羊乳湯咖哩、嘉義紫地瓜奶酪、慕思泥拿鐵，每樣菜色都乘載著靖珏滿滿的巧思，以及她對在地的情感。餐廳的庭院裡默默長著一株櫻花樹，明明是很難在,台南出生的chueh，在某一次的因緣際會之下認識了櫻花葉的老闆娘Yvonne，辭去了原本的工作，開始於嘉義市中山路366巷這一條靜謐的小巷擔綱櫻花葉的店長。chueh雖然不是餐飲底子出身，但憑著對料理的熱忱及興趣，更為了研發店內新菜色，以「堅持使用嘉義在地食材」的理念，踏上了她到處尋覓美味食材的歷程。到東石尋找鮮甜美味的蚵仔、傳統菜市場裡搜索濃郁的蜂蜜、製油廠裡試飲香醇的麻油，這些奔波的辛苦並沒有在回到店內後畫下句點，緊接著的是花費大量的時間，鑽研食譜書籍、看著料理節目找尋任何一絲的靈感，絞盡腦汁想著如何將這些美味的元素，烹調成創新的在地特色料理。於是在這些反反覆覆，與食譜艱苦奮戰的過程中，一道道別出心裁、獨樹一格的料理就這樣上桌了：鴨肉鹹派、東石蚵醬麵、羊乳湯咖哩、嘉義紫地瓜奶酪、慕思泥拿鐵，每樣菜色都乘載著靖珏滿滿的巧思，以及她對在地的情感。餐廳的庭院裡默默長著一株櫻花樹，明明是很難在,嘉義市西區中山路366巷12號,60041,,886-5-2222350,週一 ~ 週三、週五 ~ 週日   11:00–21:00 週四公休,ChiayiTravel,,https://travel.chiayi.gov.tw/upload/delicacies/033709bc3ee3a82f95f6b44ca46f5d34.jpg,櫻花葉咖啡簡餐,,,,,120.4627796,23.4827742,1,,2018/12/21 20:02:52
C3_376600000A_000028,R5小餐館,想要經營一家結合餐廳、咖啡館和藝廊三合一模式的店，是來自「R5小餐館」的創辦人&mdash;鍾孝澤的構想，曾擔任軟體工程師的他，心中一直有個開店的夢想，經過一番評估與考量後，毅然決然離職出來創業，將自己的飲食美學，透過R5小餐館，呈現給每一位上門的客人。曾在學生時代有旅遊打工經歷的鍾孝澤，品嚐過非常純粹的美式漢堡&mdash;沒有多餘的醬料調配，僅有以肉為靈魂主體的漢堡，「雖然簡單但是很清爽的口感」，他念念不忘的說著，「但是我回台後再也沒有品嚐到相似的感動了」，就是這股動力才讓他確立了開店的目標&mdash;經營一家新型態的西式料理店。鍾孝澤引以自豪的提到，店內的餐點都是使用天然食材，堅持不添加味精、雞粉等口味太重的調味料，不僅健康，重點是讓客人享受最純粹食物的美味。藉由這樣的料理精神，重現當年他品嚐到的那份單純。「另外搭配飲品和甜點也是專業級的，例如我們的精品咖啡和自家出爐的手工甜點」，,想要經營一家結合餐廳、咖啡館和藝廊三合一模式的店，是來自「R5小餐館」的創辦人&mdash;鍾孝澤的構想，曾擔任軟體工程師的他，心中一直有個開店的夢想，經過一番評估與考量後，毅然決然離職出來創業，將自己的飲食美學，透過R5小餐館，呈現給每一位上門的客人。曾在學生時代有旅遊打工經歷的鍾孝澤，品嚐過非常純粹的美式漢堡&mdash;沒有多餘的醬料調配，僅有以肉為靈魂主體的漢堡，「雖然簡單但是很清爽的口感」，他念念不忘的說著，「但是我回台後再也沒有品嚐到相似的感動了」，就是這股動力才讓他確立了開店的目標&mdash;經營一家新型態的西式料理店。鍾孝澤引以自豪的提到，店內的餐點都是使用天然食材，堅持不添加味精、雞粉等口味太重的調味料，不僅健康，重點是讓客人享受最純粹食物的美味。藉由這樣的料理精神，重現當年他品嚐到的那份單純。「另外搭配飲品和甜點也是專業級的，例如我們的精品咖啡和自家出爐的手工甜點」，,嘉義市東區忠孝路205號,60046,,886-5-2770250,週一 ~ 週五   11:30–14:30、16:30–21:00 週六、日   11:30–21:00,ChiayiTravel,,https://travel.chiayi.gov.tw/upload/delicacies/8ed3570359e4130bb839751c09cd6283.jpg,R5小餐館,,,,,120.4536364,23.4838,1,,2018/12/21 19:15:05
C3_376600000A_000029,GoodLuck coffee,Goodluck coffee位於南興路一條小巷弄內，算是內行人才知道的專業咖啡店，若單從巷口望進去，很難想像在一家機械行的身後藏著這家獨具特色的咖啡廳。走進Goodluck coffee裡，處處會看到經過Goodluck coffee咖啡老闆林芃瑋之手改裝而成的機械裝置，由發電機儀表板改裝而成的電燈開關、鑲著美國隊長盾牌的桌邊小檯燈等，在層層堆疊的木製牆面與桌椅上顯得格外有趣。芃瑋說，咖啡廳的空間原本是他青春時期的房間，房間緊鄰著爸爸林安財的銨鋒機械行，小時候在爸爸的耳濡目染之下，學得一手機械工程的長才，加上求學時期陸續學習過室內設計與建築，因此將房間改裝成咖啡廳的過程，前前後後兩年的時間，全部是自己捲起袖子、灑著汗水完成的。從外地求學的地方回到嘉義市，芃瑋的第一份職業是咖啡機工程師，工作是到每個咖啡廳維修咖啡機，在職前三年，開始醞釀著想要開一間咖啡廳的想法。店內層架上擺設的咖啡機器材，,Goodluck coffee位於南興路一條小巷弄內，算是內行人才知道的專業咖啡店，若單從巷口望進去，很難想像在一家機械行的身後藏著這家獨具特色的咖啡廳。走進Goodluck coffee裡，處處會看到經過Goodluck coffee咖啡老闆林芃瑋之手改裝而成的機械裝置，由發電機儀表板改裝而成的電燈開關、鑲著美國隊長盾牌的桌邊小檯燈等，在層層堆疊的木製牆面與桌椅上顯得格外有趣。芃瑋說，咖啡廳的空間原本是他青春時期的房間，房間緊鄰著爸爸林安財的銨鋒機械行，小時候在爸爸的耳濡目染之下，學得一手機械工程的長才，加上求學時期陸續學習過室內設計與建築，因此將房間改裝成咖啡廳的過程，前前後後兩年的時間，全部是自己捲起袖子、灑著汗水完成的。從外地求學的地方回到嘉義市，芃瑋的第一份職業是咖啡機工程師，工作是到每個咖啡廳維修咖啡機，在職前三年，開始醞釀著想要開一間咖啡廳的想法。店內層架上擺設的咖啡機器材，,嘉義市東區南興路291號,60067,,886-5-2227301,週五   14:00 – 19:00 週六、日   13:00 – 19:00 週一 ~ 週四公休,ChiayiTravel,http://goodluck-coffee.business.site/,https://travel.chiayi.gov.tw/upload/delicacies/27e124a9a4aa9b6e321fab0a0a0bf60a.jpg,GoodLuck coffee,,,,,120.4552136,23.4661961,1,,2018/12/21 20:29:56
C3_376600000A_000030,Dings Tea 丁式茶館,丁式茶館是一個由返鄉的第二代茶農鍾明志和一隻獨一無二的牧羊犬丁丁結緣而起的品牌。有別於台灣一般常見的茶行，而是以咖啡館的形式，提供一杯杯現沖茶，要和年輕的你，一起讀懂台灣茶的心，沒有距離。鍾明志返鄉投入茶業後，赫然發現茶葉的消費人口中年輕世代的數量少的驚人，因為年輕一代接觸多了手搖飲料的便利與平價，對於傳統台灣茶反而有著距離感、不僅不懂其中的文化與意義，也不太敢走入茶行了解。因此，要如何給台灣茶和年輕人一個機會互相認識，便成了我們成立丁式茶館的初衷。於是丁式茶館開創了新的飲茶型態，打造了一個舒適、無壓的飲茶空間，進來茶館的客人可以挑個舒適的座位，隨心點杯茶單上的茶，等到茶葉沖好上桌後，選擇細細品味杯中的茶，或者是拿本架上的小說佐茶。甚或坐到吧檯和店長聊聊，聽他聊聊種茶和做茶的心得，以及分享和茶葉有關的歷史故事，讓客人對於茶，有著更新或者更深的認識。我們有幸生長在台灣茶葉的知名產區，希望透過,丁式茶館是一個由返鄉的第二代茶農鍾明志和一隻獨一無二的牧羊犬丁丁結緣而起的品牌。有別於台灣一般常見的茶行，而是以咖啡館的形式，提供一杯杯現沖茶，要和年輕的你，一起讀懂台灣茶的心，沒有距離。鍾明志返鄉投入茶業後，赫然發現茶葉的消費人口中年輕世代的數量少的驚人，因為年輕一代接觸多了手搖飲料的便利與平價，對於傳統台灣茶反而有著距離感、不僅不懂其中的文化與意義，也不太敢走入茶行了解。因此，要如何給台灣茶和年輕人一個機會互相認識，便成了我們成立丁式茶館的初衷。於是丁式茶館開創了新的飲茶型態，打造了一個舒適、無壓的飲茶空間，進來茶館的客人可以挑個舒適的座位，隨心點杯茶單上的茶，等到茶葉沖好上桌後，選擇細細品味杯中的茶，或者是拿本架上的小說佐茶。甚或坐到吧檯和店長聊聊，聽他聊聊種茶和做茶的心得，以及分享和茶葉有關的歷史故事，讓客人對於茶，有著更新或者更深的認識。我們有幸生長在台灣茶葉的知名產區，希望透過,嘉義市東區民權路216號,60044,,886-5-2592639,週二 ~ 週日   12:00–21:00 週一公休,ChiayiTravel,http://www.dingstea.com/,https://travel.chiayi.gov.tw/upload/delicacies/4ec1c33dc1eb1a5669e154020ef9092c.JPG,Dings Tea 丁式茶館,,,,,120.4543117,23.4832576,1,,2018/12/21 18:03:19
C3_376600000A_000031,滿棠茶品,民國98年，八八風災席捲台灣各地，其中也包含嘉義的瑞峯村－滿棠茶品葉又榛的家鄉，當時又榛心裡便萌生「希望能夠為自己的家鄉做點什麼。」的念頭。風災過後，又榛回到家鄉，思量著如何將瑞峯這個村落讓個多人知道，同時讓愛茶人得以品飲瑞峯茶的獨特滋味，因此在103年，又榛與先生的姐姐杏苑在嘉義市區以「滿棠茶品」的品牌經營門市，販售來自阿里山茶系-瑞峯村的好茶。&nbsp; 門市裡屢次獲得國內外茶葉比賽殊榮的茶款皆是來自家鄉茶園，茶葉也經過又榛層層的篩選把關，希望來到門市的顧客或旅人們都能透過品飲及對產地的介紹，認識阿里山茶的多元風貌。另外店內有提供中、英、日的沖泡簡介，教大家如何輕鬆泡好茶，年輕可愛的包裝與中、英語的介紹服務，成為國內外選購阿里山茶的不二去處。&nbsp; 除了販售優質的茶品，滿棠也結合瑞峯社區的力量，不定期舉辦農村體驗活動，讓消費者可以親自到冠軍茶的故鄉，體驗採茶、焙茶、揉茶到製茶的,民國98年，八八風災席捲台灣各地，其中也包含嘉義的瑞峯村－滿棠茶品葉又榛的家鄉，當時又榛心裡便萌生「希望能夠為自己的家鄉做點什麼。」的念頭。風災過後，又榛回到家鄉，思量著如何將瑞峯這個村落讓個多人知道，同時讓愛茶人得以品飲瑞峯茶的獨特滋味，因此在103年，又榛與先生的姐姐杏苑在嘉義市區以「滿棠茶品」的品牌經營門市，販售來自阿里山茶系-瑞峯村的好茶。&nbsp; 門市裡屢次獲得國內外茶葉比賽殊榮的茶款皆是來自家鄉茶園，茶葉也經過又榛層層的篩選把關，希望來到門市的顧客或旅人們都能透過品飲及對產地的介紹，認識阿里山茶的多元風貌。另外店內有提供中、英、日的沖泡簡介，教大家如何輕鬆泡好茶，年輕可愛的包裝與中、英語的介紹服務，成為國內外選購阿里山茶的不二去處。&nbsp; 除了販售優質的茶品，滿棠也結合瑞峯社區的力量，不定期舉辦農村體驗活動，讓消費者可以親自到冠軍茶的故鄉，體驗採茶、焙茶、揉茶到製茶的,嘉義市西區新榮路260號,60054,,886-5-2251070,週一 ~ 週六   13:00–21:00 週日公休,ChiayiTravel,http://www.maintang.com.tw/,https://travel.chiayi.gov.tw/upload/delicacies/7734d5b6f35facc932a6cc09d42bc681.jpg,滿棠茶品,,,,,120.444050,23.480926,1,,2018/12/20 16:58:06
C3_376600000A_000032,名香茶行,民國67年，陳建宏因為對茶葉的濃厚興趣，毅然決然告別雕刻師傅的身份，創立了名香茶行。正值28歲的陳建宏，在資訊不發達的時代裡，花了三年的時間找書籍、文獻資料、茶農朋友，獨自摸索、學習著關於「焙茶」的知識與技術。「開店的前三年，因為茶賣不出去，所以都在餓肚子。」陳建宏淡淡的笑著說。一路支持他的是對茶葉的熱愛，也因為這股深情，當他在民國97年看到中興大學生物科技研究所曾志正教授所發表的論文後，便馬上提起毛筆書寫了一封真誠的「自我推薦文章」給曾教授。隔天曾教授來電，邀請陳建宏到台中會面，兩人可愛的情緣就這樣開始了。透過產學合作，曾教授提供知識，陳建宏提供技術，花了六年的時間，合作開發了店內的代表作品－熷烏龍茶。在過往，需要花費六年時間烘焙的老茶，兩人將時程縮短成兩年，運用青心烏龍就可製成富含對人體有益的「茶肌素」、「沒食子酸」的熷烏龍茶，主打「無咖啡因及刺激的元素，溫和且不傷胃」。名香茶行在10,民國67年，陳建宏因為對茶葉的濃厚興趣，毅然決然告別雕刻師傅的身份，創立了名香茶行。正值28歲的陳建宏，在資訊不發達的時代裡，花了三年的時間找書籍、文獻資料、茶農朋友，獨自摸索、學習著關於「焙茶」的知識與技術。「開店的前三年，因為茶賣不出去，所以都在餓肚子。」陳建宏淡淡的笑著說。一路支持他的是對茶葉的熱愛，也因為這股深情，當他在民國97年看到中興大學生物科技研究所曾志正教授所發表的論文後，便馬上提起毛筆書寫了一封真誠的「自我推薦文章」給曾教授。隔天曾教授來電，邀請陳建宏到台中會面，兩人可愛的情緣就這樣開始了。透過產學合作，曾教授提供知識，陳建宏提供技術，花了六年的時間，合作開發了店內的代表作品－熷烏龍茶。在過往，需要花費六年時間烘焙的老茶，兩人將時程縮短成兩年，運用青心烏龍就可製成富含對人體有益的「茶肌素」、「沒食子酸」的熷烏龍茶，主打「無咖啡因及刺激的元素，溫和且不傷胃」。名香茶行在10,嘉義市東區吳鳳北路47號,60045,,886-5-2244888,週一 ~ 週日   09:00 - 22:00,ChiayiTravel,,https://travel.chiayi.gov.tw/upload/delicacies/0cd6b0feb0f96e2b1d7bcd4efa73e35d.JPG,名香茶行,,,,,120.4536042,23.4751827,1,,2018/12/21 16:43:23
C3_376600000A_000033,三角&貓咖啡,如果說愛咖啡成癡，大概非「三角與貓」的店長Joe莫屬了，因為大學畢業第一份工作接觸到咖啡後，就對其深深迷戀，為了進修自己的技能，曾為期兩年的時間，每天都花三小時的車程到深坑上班學習烘焙技能。應用外語系畢業的她，背負著家人深厚的期待，縱然一度為了服膺他們的厚望而轉戰製造業，最後卻仍基於對咖啡的熱愛而執著地投入自己的興趣，並與愛喝咖啡的姊姊、支持她們夢想的姊夫，還有一隻陪伴三人走過這段生活的愛貓一起開了這間「三角與貓」的咖啡店。憑藉習得而來的知識與技術，許佩玲想要帶給客人的不單單只是一般咖啡店都喝得到的飲品，因此店內特別引進哥倫比亞聖荷西莊園橡木桶發酵、精緻水洗處理法的咖啡豆，其沖泡出來的咖啡會帶有威士忌酒香味；又或者是利用淺焙製程讓咖啡豆保留水果香味及甜感，有別於中深焙咖啡的焦苦味。希冀要走向特殊咖啡的路線，「野薑花拿鐵」即是店內一款特製的飲品，利用野薑花釀加入拿鐵裡，不僅喝得到拿鐵的濃醇，,如果說愛咖啡成癡，大概非「三角與貓」的店長Joe莫屬了，因為大學畢業第一份工作接觸到咖啡後，就對其深深迷戀，為了進修自己的技能，曾為期兩年的時間，每天都花三小時的車程到深坑上班學習烘焙技能。應用外語系畢業的她，背負著家人深厚的期待，縱然一度為了服膺他們的厚望而轉戰製造業，最後卻仍基於對咖啡的熱愛而執著地投入自己的興趣，並與愛喝咖啡的姊姊、支持她們夢想的姊夫，還有一隻陪伴三人走過這段生活的愛貓一起開了這間「三角與貓」的咖啡店。憑藉習得而來的知識與技術，許佩玲想要帶給客人的不單單只是一般咖啡店都喝得到的飲品，因此店內特別引進哥倫比亞聖荷西莊園橡木桶發酵、精緻水洗處理法的咖啡豆，其沖泡出來的咖啡會帶有威士忌酒香味；又或者是利用淺焙製程讓咖啡豆保留水果香味及甜感，有別於中深焙咖啡的焦苦味。希冀要走向特殊咖啡的路線，「野薑花拿鐵」即是店內一款特製的飲品，利用野薑花釀加入拿鐵裡，不僅喝得到拿鐵的濃醇，,嘉義市東區新生路374號,60074,,886-5-2257905,週二 ~ 週日   10:00–19:00 週一公休,ChiayiTravel,,https://travel.chiayi.gov.tw/upload/delicacies/4de487f7d505d09123cc616a4ba71dca.jpg,三角&貓咖啡,,,,,120.4601164,23.4878599,1,,2018/12/21 19:29:23
C3_376600000A_000034,巴黎6街,「巴黎6街」是一個阿嬤少女時代的夢想，原本經營汽車產業20多年的黃頴宸，年輕時夢想開一家屬於自己的咖啡店，曾經旅行過許多國家，最喜愛歐洲輕鬆、閒適、舒服的步調，對於歐洲的嚮往而有了「巴黎6街」想法，加上孫子們也喜歡吃餅乾和蛋糕，讓疼愛孫子的頴宸毅然決然投入這個既陌生又喜歡的烘焙產業，希望用銅板價也能讓愛孩子的家長能簡單買到健康、安心手工製作的餅乾、蛋糕。手工餅乾一直是「巴黎6街」主打的商品，不添加任何防腐劑、膨鬆劑等添加物，吃的不是化學合成的香精味，吃的是真正水果纖維和甜味，品嘗台灣土地孕育而生的甜美，希望帶給下一代真實的味覺。頴宸憂心忡忡地認為，台灣的洗腎人口已經越來越年輕化，至少在她的堅持下，還能為國人的健康盡一點棉薄之力。「古早味杏仁餅」和「咖啡黑磚」是店內的人氣產品，讓傳統杏仁餅有了煥然一新的面貌，既傳承了老一輩的口感同時又加入現代年輕人喜愛的元素；因應現代人養生概念而推出的「咖啡,「巴黎6街」是一個阿嬤少女時代的夢想，原本經營汽車產業20多年的黃頴宸，年輕時夢想開一家屬於自己的咖啡店，曾經旅行過許多國家，最喜愛歐洲輕鬆、閒適、舒服的步調，對於歐洲的嚮往而有了「巴黎6街」想法，加上孫子們也喜歡吃餅乾和蛋糕，讓疼愛孫子的頴宸毅然決然投入這個既陌生又喜歡的烘焙產業，希望用銅板價也能讓愛孩子的家長能簡單買到健康、安心手工製作的餅乾、蛋糕。手工餅乾一直是「巴黎6街」主打的商品，不添加任何防腐劑、膨鬆劑等添加物，吃的不是化學合成的香精味，吃的是真正水果纖維和甜味，品嘗台灣土地孕育而生的甜美，希望帶給下一代真實的味覺。頴宸憂心忡忡地認為，台灣的洗腎人口已經越來越年輕化，至少在她的堅持下，還能為國人的健康盡一點棉薄之力。「古早味杏仁餅」和「咖啡黑磚」是店內的人氣產品，讓傳統杏仁餅有了煥然一新的面貌，既傳承了老一輩的口感同時又加入現代年輕人喜愛的元素；因應現代人養生概念而推出的「咖啡,嘉義市仁愛路8號,60055,,886-5-2353588,週一 ~ 週日   09:00–22:00,ChiayiTravel,,https://travel.chiayi.gov.tw/upload/delicacies/e1bcd499e5c8468248c181a34146f08b.JPG,巴黎6街,,,,,120.4406522,23.4666367,1,,2018/12/21 18:03:14
C3_376600000A_000035,幸福原在咖啡,一場大火燒毀了黃惠雪的家，也讓她頓時一無所有，朋友們為了讓她重新振作以及生活有所寄託，便提議不如開間咖啡店吧，這才開始了她與咖啡接觸的契機，也讓基督徒的她篤信：是上帝為她開啟的另一扇窗。「我覺得咖啡很好玩，也漸漸玩出心得」，從黃惠雪的語中聽出她對研究咖啡有濃厚的興趣。的確，讓她最引以為傲的冰滴咖啡就是這樣「玩」出來的─買不起昂貴的器具，因而使用了相同原理的點滴滴筒，利用不同滴速、水質的搭配，調配出杯杯不同口感的冰滴咖啡，「再搭配店內手工製作的香蕉布朗尼或百香果磅蛋糕是一大享受」，黃惠雪自信滿滿的說。除了冰滴咖啡之外，店內也主打「手沖咖啡」，直接將器具推至顧客桌邊提供現沖服務，並且依照客人喜好的濃淡使用不同的手法來呈現咖啡的味道。店內使用的咖啡豆也是自家烘焙、經過惠雪的精挑細選。黃惠雪同時也是嘉義第一位杯測師，憑著對咖啡的熱愛以及味蕾的天賦，歷經不斷自學、摸索、虛心求教的過程，連續五天的考程,一場大火燒毀了黃惠雪的家，也讓她頓時一無所有，朋友們為了讓她重新振作以及生活有所寄託，便提議不如開間咖啡店吧，這才開始了她與咖啡接觸的契機，也讓基督徒的她篤信：是上帝為她開啟的另一扇窗。「我覺得咖啡很好玩，也漸漸玩出心得」，從黃惠雪的語中聽出她對研究咖啡有濃厚的興趣。的確，讓她最引以為傲的冰滴咖啡就是這樣「玩」出來的─買不起昂貴的器具，因而使用了相同原理的點滴滴筒，利用不同滴速、水質的搭配，調配出杯杯不同口感的冰滴咖啡，「再搭配店內手工製作的香蕉布朗尼或百香果磅蛋糕是一大享受」，黃惠雪自信滿滿的說。除了冰滴咖啡之外，店內也主打「手沖咖啡」，直接將器具推至顧客桌邊提供現沖服務，並且依照客人喜好的濃淡使用不同的手法來呈現咖啡的味道。店內使用的咖啡豆也是自家烘焙、經過惠雪的精挑細選。黃惠雪同時也是嘉義第一位杯測師，憑著對咖啡的熱愛以及味蕾的天賦，歷經不斷自學、摸索、虛心求教的過程，連續五天的考程,嘉義市東區維新路135號,60049,,886-5-2752737,週日 ~ 週五   10:30–20:00 週六公休,ChiayiTravel,,https://travel.chiayi.gov.tw/upload/delicacies/29172478bcd373d7d645faab9ffa0a22.JPG,幸福原在咖啡,,,,,120.4582547,23.4844966,1,,2018/12/21 03:10:54
C3_376600000A_000036,融合度咖啡館,如果沒有很仔細地尋找，很容易就錯過位於中山路上的「融合度咖啡」，小小一家、外觀並不起眼的店面，一走進便感受到老闆熱情的問候以及在座客人們的輕鬆自在。人稱「二姐」的老闆娘林珮瑜提到，這就是這間咖啡店想要帶給人的感受，希望營造出一種家庭式、猶如朋友間相處的氛圍，因而咖啡店的店名也由此而來─讓來訪的客人都能「融合」於這氣氛中，感受這滿滿人情味的「溫度」。早期還在加盟階段時，來訪的客群就是以小家庭居多，至現在創立了屬於自己的咖啡店後，已歷經16個年頭，客群的組成還是沒有改變。「有很多客人是陪伴著我們一起走過的」，「二姐」林珮瑜的眼神透露出感謝之情，「所以咖啡店仍舊以熟客為主，新客反而只佔兩、三成而已，然一旦來過後就會變成熟客」，她又語帶驕傲地說。的確，店內的咖啡豆是老闆黃暐舜精心挑選及烘焙，甜點和輕食是二姐親自把關食材後才製作，有多年在醫院工作經歷的她，為的就是要確保客人能夠吃得健康，對於細節上都,如果沒有很仔細地尋找，很容易就錯過位於中山路上的「融合度咖啡」，小小一家、外觀並不起眼的店面，一走進便感受到老闆熱情的問候以及在座客人們的輕鬆自在。人稱「二姐」的老闆娘林珮瑜提到，這就是這間咖啡店想要帶給人的感受，希望營造出一種家庭式、猶如朋友間相處的氛圍，因而咖啡店的店名也由此而來─讓來訪的客人都能「融合」於這氣氛中，感受這滿滿人情味的「溫度」。早期還在加盟階段時，來訪的客群就是以小家庭居多，至現在創立了屬於自己的咖啡店後，已歷經16個年頭，客群的組成還是沒有改變。「有很多客人是陪伴著我們一起走過的」，「二姐」林珮瑜的眼神透露出感謝之情，「所以咖啡店仍舊以熟客為主，新客反而只佔兩、三成而已，然一旦來過後就會變成熟客」，她又語帶驕傲地說。的確，店內的咖啡豆是老闆黃暐舜精心挑選及烘焙，甜點和輕食是二姐親自把關食材後才製作，有多年在醫院工作經歷的她，為的就是要確保客人能夠吃得健康，對於細節上都,嘉義市東區中山路223號,60041,,886-5-2245033,週一 ~ 週五   08:00–20:30 週六   08:30–18:00 週日公休,ChiayiTravel,,https://travel.chiayi.gov.tw/upload/delicacies/6ed8655684ecbaa87c8a5721d0d8c9c4.jpg,融合度咖啡館,,,,,120.4521087,23.4809235,1,,2018/12/21 23:40:13
C3_376600000A_000037,Evie's Café 伊米咖啡,每個人對於「咖啡」都有不同的理解與想像，有些也許只作為提神劑，有些或許是追逐潮流，但對於 Evie&rsquo;s Caf&eacute;伊米咖啡的宛珍而言，更顯出高度的期待&mdash;生活中美好事物的媒介。畢業於美國賓州Indiana University of Pennsylvania的企管所，在美國、中國、台北等地方，經歷過不同的工作型態，體悟出真正適合自己個性與期待的生活模式，幾經評估，決定離職，往理想中的未來邁進。想要以專業咖啡店當作媒介空間，將生活中的各種美好推廣給大眾。「創業過程真的很辛苦，遭遇到許多阻礙與困難，還有旁人的酸言酸語。不知道有多少次徘徊在堅持與放棄的掙扎之間。」經過六年時間的琢磨與堅持，在咖啡的烘豆、萃取、品嘗等部分，下了不少苦功，透過網路與口碑累積客戶，終於在2016年擁有店面，成為跟大家分享咖啡的實體平台。透過舉辦講座、教學、分享會、展覽等活動，將咖啡店打,每個人對於「咖啡」都有不同的理解與想像，有些也許只作為提神劑，有些或許是追逐潮流，但對於 Evie&rsquo;s Caf&eacute;伊米咖啡的宛珍而言，更顯出高度的期待&mdash;生活中美好事物的媒介。畢業於美國賓州Indiana University of Pennsylvania的企管所，在美國、中國、台北等地方，經歷過不同的工作型態，體悟出真正適合自己個性與期待的生活模式，幾經評估，決定離職，往理想中的未來邁進。想要以專業咖啡店當作媒介空間，將生活中的各種美好推廣給大眾。「創業過程真的很辛苦，遭遇到許多阻礙與困難，還有旁人的酸言酸語。不知道有多少次徘徊在堅持與放棄的掙扎之間。」經過六年時間的琢磨與堅持，在咖啡的烘豆、萃取、品嘗等部分，下了不少苦功，透過網路與口碑累積客戶，終於在2016年擁有店面，成為跟大家分享咖啡的實體平台。透過舉辦講座、教學、分享會、展覽等活動，將咖啡店打,嘉義市東區康樂街44號,60046,,886-5-2250688,週一 ~ 週三   11:00–18:00 週五、六   09:00–21:00 週日   09:00–18:00 週四公休,ChiayiTravel,https://www.facebook.com/eviescafe88/,https://travel.chiayi.gov.tw/upload/delicacies/329e5eb97920063038548b4f5064ae90.JPG,Evie's Café 伊米咖啡,,,,,120.4524626,23.4752713,1,,2018/12/21 11:33:20
C3_376600000A_000038,CouCou Cafe Pâtisserie 咕咕甜點咖啡,CouCou，念起來像是布穀鳥的叫聲，法語裡是親切的打招呼用語。正如「咕咕甜點咖啡」，想要帶給人們的感覺&mdash;鄰家、親近、沒有距離感。「咕咕甜點咖啡」的老闆&mdash;朱凱安和林呈安，從小就懷抱著開店夢，等待實現的一天。朱凱安曾擔任三年的長榮海運船副，透過同船大副的手沖咖啡，燃起了對咖啡的好奇，在單調的航運生活裡，咖啡成為他唯一的慰藉，於是放棄高薪穩定的工作，離開大海，毅然決然地投入咖啡事業，也因緣際會認識了林呈安。林呈安對製作甜點的興趣是來自大學時期的萌芽。視覺傳達設計系的她，自學甜點是她紓壓的方式，也因此萌生了前往法國去學習的念頭。於是便開始積極的規劃準備：選修法文、到甜點廚房當學徒、英語檢定考試等等，經過5年的努力終於讓她如願以償。愛好美食與旅遊的林呈安，利用留學法國期間，遊歷了整個歐洲，而在旅行中體驗到的味蕾紀錄，現在也成為她設計甜點的靈感來源，店內道道都是令人讚不絕口的,CouCou，念起來像是布穀鳥的叫聲，法語裡是親切的打招呼用語。正如「咕咕甜點咖啡」，想要帶給人們的感覺&mdash;鄰家、親近、沒有距離感。「咕咕甜點咖啡」的老闆&mdash;朱凱安和林呈安，從小就懷抱著開店夢，等待實現的一天。朱凱安曾擔任三年的長榮海運船副，透過同船大副的手沖咖啡，燃起了對咖啡的好奇，在單調的航運生活裡，咖啡成為他唯一的慰藉，於是放棄高薪穩定的工作，離開大海，毅然決然地投入咖啡事業，也因緣際會認識了林呈安。林呈安對製作甜點的興趣是來自大學時期的萌芽。視覺傳達設計系的她，自學甜點是她紓壓的方式，也因此萌生了前往法國去學習的念頭。於是便開始積極的規劃準備：選修法文、到甜點廚房當學徒、英語檢定考試等等，經過5年的努力終於讓她如願以償。愛好美食與旅遊的林呈安，利用留學法國期間，遊歷了整個歐洲，而在旅行中體驗到的味蕾紀錄，現在也成為她設計甜點的靈感來源，店內道道都是令人讚不絕口的,嘉義市東區新生路450號,60048,,886-5-2766987,週三 ~ 週日   13:00–19:00 週一、二公休,ChiayiTravel,,https://travel.chiayi.gov.tw/upload/delicacies/94050403774f26f0675f8ce723830c14.jpg,CouCou Cafe Pâtisserie 咕咕甜點咖啡,,,,,120.4592582,23.4895603,1,,2018/12/21 17:21:18
C3_376600000A_000039,48 home,一對年輕夫妻的夢想，一棟充滿歐洲風情的鄉間小屋，帶著與世隔絕的獨立感超然的傲視四周。由夢想為開端，期望建構新的歷史，「48HOME」正在萌芽，以全新的面貌。以求學時期修習廣告設計所揣摩出的敏銳感，「48HOME」這間擁有60多年歷史的老房子自民國100年（2011）開始被賦予新的風貌。就如同許多老屋重生的店家一樣，店長張小姐同樣有著一心維護歷史價值的使命感存在；不同的是，擁有多年教授鄉村彩繪設計的她所構思的「48HOME」，在原創性及個人風格的傳達上，有著老師級人物的獨特發想與手法。無論是將鋁線信手折出裝飾籃或廚房用品，或店內活靈活現的雕刻品與色彩活潑的彩繪品，每樣作品都出自她溫柔且細膩的雙手。因為想要全新經營「48HOME」，店長將從事多年的鄉村彩繪教室暫時吹熄燈號，然則喜歡創作的心依然不減，於是她的創意充斥在店內每個角落。「48HOME」除了是她專屬的展示臺，也是與喜歡彩繪的朋友互相交,一對年輕夫妻的夢想，一棟充滿歐洲風情的鄉間小屋，帶著與世隔絕的獨立感超然的傲視四周。由夢想為開端，期望建構新的歷史，「48HOME」正在萌芽，以全新的面貌。以求學時期修習廣告設計所揣摩出的敏銳感，「48HOME」這間擁有60多年歷史的老房子自民國100年（2011）開始被賦予新的風貌。就如同許多老屋重生的店家一樣，店長張小姐同樣有著一心維護歷史價值的使命感存在；不同的是，擁有多年教授鄉村彩繪設計的她所構思的「48HOME」，在原創性及個人風格的傳達上，有著老師級人物的獨特發想與手法。無論是將鋁線信手折出裝飾籃或廚房用品，或店內活靈活現的雕刻品與色彩活潑的彩繪品，每樣作品都出自她溫柔且細膩的雙手。因為想要全新經營「48HOME」，店長將從事多年的鄉村彩繪教室暫時吹熄燈號，然則喜歡創作的心依然不減，於是她的創意充斥在店內每個角落。「48HOME」除了是她專屬的展示臺，也是與喜歡彩繪的朋友互相交,嘉義市東區融和街48號,,,886-5-2777422,尚未有資料,ChiayiTravel,,https://travel.chiayi.gov.tw/upload/delicacies/d0db0c823cba624341b27339dc44039b.JPG,48 home,,,,,120.4595147,23.4773637,1,,2018/12/21 15:39:06
C3_376600000A_000040,come home咖啡漫步,一幢美麗的老房子、一個香港設計師、一位美食主義者，成就了一間浪漫氛圍的輕食&amp;咖啡館。位於興業東路一幢五十多年的老宿舍，老闆刻意保留了房子原來的大門、圍牆、庭園、舊鐵窗，如果您稍不留意，極可能與它錯身而過，以為那不過是一間普通的民宅，Come home店名的發想便源自於此。當您推開餐廳的大門，眼前的景象足以讓您會心一笑－－原來舊與新可以協調的如此賞心悅目！一般餐廳所追求的是翻桌率，翻桌率愈高所能創造的利潤也就相對提高，但這間民國101年（2012）才開幕不久的清新風格餐廳，卻想要您來店之後可以很慵懶、無拘束地久坐在此，如同回到自己家裡一般，不會感到急促匆忙。因此，餐廳內每個角落都是自成一格，讓人忍不住都想坐一坐，感受不同的風景，也讓自己凝結在優雅的畫面中。除此之外，嘉義另一家美食餐廳－－歐琳達料理坊因調整菜色所更換下來的餐具，也靜靜地躺在Come home其中的一個角落，等待有緣人來,一幢美麗的老房子、一個香港設計師、一位美食主義者，成就了一間浪漫氛圍的輕食&amp;咖啡館。位於興業東路一幢五十多年的老宿舍，老闆刻意保留了房子原來的大門、圍牆、庭園、舊鐵窗，如果您稍不留意，極可能與它錯身而過，以為那不過是一間普通的民宅，Come home店名的發想便源自於此。當您推開餐廳的大門，眼前的景象足以讓您會心一笑－－原來舊與新可以協調的如此賞心悅目！一般餐廳所追求的是翻桌率，翻桌率愈高所能創造的利潤也就相對提高，但這間民國101年（2012）才開幕不久的清新風格餐廳，卻想要您來店之後可以很慵懶、無拘束地久坐在此，如同回到自己家裡一般，不會感到急促匆忙。因此，餐廳內每個角落都是自成一格，讓人忍不住都想坐一坐，感受不同的風景，也讓自己凝結在優雅的畫面中。除此之外，嘉義另一家美食餐廳－－歐琳達料理坊因調整菜色所更換下來的餐具，也靜靜地躺在Come home其中的一個角落，等待有緣人來,嘉義市東區興業東路138號,,,886-5-2223011,週二至週日 12:00~21:30,ChiayiTravel,,https://travel.chiayi.gov.tw/upload/delicacies/bb41a6be505d00ef4436cd1329dab40a.JPG,come home咖啡漫步,,,,,120.45738830000005,23.4694331,1,,2018/12/21 11:40:56
C3_376600000A_000041,芙甜法式點心坊,坐落在中山上路一隅的芙甜，鮮黃色的建築物在陽光底下閃閃發光，甜蜜的像是帶著幸福感的美味甜點，從外觀看起便讓人眼睛為之一亮。而這帶著南法風情的百年老屋，正由芙甜為它揮灑出嶄新的樣貌。年輕的店長馮先生神情略帶羞澀，說起話來卻精神抖擻，熱絡的與我分享著關於這由七個好朋友所一起圓夢而創立的店。起因是同學有著法式甜點的專長，並在歐洲學藝、亞洲星級餐廳任職過，再加上他們都希望能在嘉義這個成長的故鄉中譜出更豐富的故事，於是芙甜在民國101年（2013）正式誕生。一樓帶著設計感的風情，從各地收集回來的復古家具巧妙融合，打造出芙甜精緻中帶著舒適的氣氛。坐在沙發上品嚐甜點，欣賞店家手繪的牆面，那俏皮的塗鴉喚起了我久違的童心，將甜品的滋味襯托的更加豐富。透過迴旋梯步上二樓，映入眼簾的是外國電影裡才會出現的閣樓，這您我孩提時代都曾夢想過的秘密基地在芙甜裡忠實再現。於是我被這充滿童趣的創意設計引導，像是少年一般探索,坐落在中山上路一隅的芙甜，鮮黃色的建築物在陽光底下閃閃發光，甜蜜的像是帶著幸福感的美味甜點，從外觀看起便讓人眼睛為之一亮。而這帶著南法風情的百年老屋，正由芙甜為它揮灑出嶄新的樣貌。年輕的店長馮先生神情略帶羞澀，說起話來卻精神抖擻，熱絡的與我分享著關於這由七個好朋友所一起圓夢而創立的店。起因是同學有著法式甜點的專長，並在歐洲學藝、亞洲星級餐廳任職過，再加上他們都希望能在嘉義這個成長的故鄉中譜出更豐富的故事，於是芙甜在民國101年（2013）正式誕生。一樓帶著設計感的風情，從各地收集回來的復古家具巧妙融合，打造出芙甜精緻中帶著舒適的氣氛。坐在沙發上品嚐甜點，欣賞店家手繪的牆面，那俏皮的塗鴉喚起了我久違的童心，將甜品的滋味襯托的更加豐富。透過迴旋梯步上二樓，映入眼簾的是外國電影裡才會出現的閣樓，這您我孩提時代都曾夢想過的秘密基地在芙甜裡忠實再現。於是我被這充滿童趣的創意設計引導，像是少年一般探索,嘉義市東區中山路168號,,,886-5-2256058,週一至週四 12:00~21:30 週五至週日 12:00~22:00,ChiayiTravel,,https://travel.chiayi.gov.tw/upload/delicacies/06978aab27186a268b7675fd94f991ae.JPG,芙甜法式點心坊,,,,,120.4526032,23.4814586,1,,2018/12/20 16:37:23
C3_376600000A_000042,巴美食堂,「巴美」這個名字保留了民國30年代的記憶，巴美西裝當時在嘉義市頗負盛名，裁縫車答答的聲音卻隨著成衣工廠的機械化生產消聲匿跡。現在的巴美食堂，每到冷天總是座無虛席，大家擠在小小的空間裡一起用餐，彼此笑聲不斷，對照著店中陳列老屋照片，想像著這家人以前的日常生活，暖意在此綿延流動。,「巴美」這個名字保留了民國30年代的記憶，巴美西裝當時在嘉義市頗負盛名，裁縫車答答的聲音卻隨著成衣工廠的機械化生產消聲匿跡。現在的巴美食堂，每到冷天總是座無虛席，大家擠在小小的空間裡一起用餐，彼此笑聲不斷，對照著店中陳列老屋照片，想像著這家人以前的日常生活，暖意在此綿延流動。,嘉義市公民路396號,,,886-5-2250039,星期三~星期日 11:30~21:00,ChiayiTravel,,https://travel.chiayi.gov.tw/upload/delicacies/2abb0470488f20bfde0f5894d60da1a2.JPG,巴美食堂,,,,,120.45474079999997,23.4728615,1,,2018/12/18 16:40:11
C3_376600000A_000043,懷舊小館,懷舊小館是一個結合人文、藝術、美食與懷舊的放鬆空間，在整修過程中，除了安全強化外，盡可能保留這棟50年代建築的原始設計，店長以懷舊概念，將古董家具結合自身的紙雕、鋁雕與彩繪創作，妝點老屋的各個角落，一桌一椅、儲菜櫃、化妝檯、家用電器及裁縫車等，隨處可見創意巧思。,懷舊小館是一個結合人文、藝術、美食與懷舊的放鬆空間，在整修過程中，除了安全強化外，盡可能保留這棟50年代建築的原始設計，店長以懷舊概念，將古董家具結合自身的紙雕、鋁雕與彩繪創作，妝點老屋的各個角落，一桌一椅、儲菜櫃、化妝檯、家用電器及裁縫車等，隨處可見創意巧思。,嘉義市吳鳳南路37巷15號,,,886-5-2255559,11:00~21:00,ChiayiTravel,,https://travel.chiayi.gov.tw/upload/delicacies/fa5b1736ddcd45afa18b86f96a7fdf36.JPG,懷舊小館,,,,,120.45474079999997,23.4728615,1,,2018/12/20 13:05:11
C3_376600000A_000044,二通672,嘉義市中正路，日治時期舊稱為「二通」，為南北貿易往來熱絡的街。擁有71年歷史的二通老屋，是日治的「板仔厝」。木造的樸實空間，以公平交易的雨林咖啡，以及台灣小農的安心品，將延續原木般誠懇的心，繼續傳遞溫馨。,嘉義市中正路，日治時期舊稱為「二通」，為南北貿易往來熱絡的街。擁有71年歷史的二通老屋，是日治的「板仔厝」。木造的樸實空間，以公平交易的雨林咖啡，以及台灣小農的安心品，將延續原木般誠懇的心，繼續傳遞溫馨。,嘉義市中正路672號,,,886-5-2257770,星期二~星期日10：00~22：00,ChiayiTravel,,https://travel.chiayi.gov.tw/upload/delicacies/20006cb2388cdbb0a5d4e8ed9b2765a6.JPG,二通672,,,,,120.44352500000002,23.4786891,1,,2018/12/21 19:30:25
C3_376600000A_000045,這裡個人料理工作室,50年代日式木構建築，原是彰化銀行員工宿舍，歷經10多年的空屋，一度僅剩屋頂、2面牆及3個隔板，經過整理之後，以&lt;這裡&gt;餐廳之姿重生，位於嘉義榮民醫院門診部旁邊的&lt;這裡&gt;餐廳，由親切的廚師小為師父準備家常菜，營造出回到家的溫馨感。,50年代日式木構建築，原是彰化銀行員工宿舍，歷經10多年的空屋，一度僅剩屋頂、2面牆及3個隔板，經過整理之後，以&lt;這裡&gt;餐廳之姿重生，位於嘉義榮民醫院門診部旁邊的&lt;這裡&gt;餐廳，由親切的廚師小為師父準備家常菜，營造出回到家的溫馨感。,嘉義市吳鳳北路35巷6號,,,886-5-2221167,11:30~14:00、 17:30~21:00,ChiayiTravel,,https://travel.chiayi.gov.tw/upload/delicacies/e536a05b164eae6ee598ee1acc352fb3.JPG,這裡個人料理工作室,,,,,120.45360589999996,23.4748946,1,,2018/12/21 18:30:16
C3_376600000A_000046,被遺忘的府路巷-冰醬營,嘉義市國華街181巷通稱「府路巷」，清朝同治年間是嘉義考生進台南府城的趕考的路徑，舊屋力計畫輔導此巷一棟老屋修繕再活用，變身為「冰醬營」。這棟老屋已有43年，是木構與鋼筋混凝土混合建築物，樓梯、2樓地板是木造，還有鏤空雕花鐵窗，都洋溢昔日風情，承租後，請老師傅修繕，拆卸木門、鐵製花窗當壁飾裝置藝術，保留舊時代的氛圍。,嘉義市國華街181巷通稱「府路巷」，清朝同治年間是嘉義考生進台南府城的趕考的路徑，舊屋力計畫輔導此巷一棟老屋修繕再活用，變身為「冰醬營」。這棟老屋已有43年，是木構與鋼筋混凝土混合建築物，樓梯、2樓地板是木造，還有鏤空雕花鐵窗，都洋溢昔日風情，承租後，請老師傅修繕，拆卸木門、鐵製花窗當壁飾裝置藝術，保留舊時代的氛圍。,嘉義市國華街181巷8號,,,886-5-2221167,周五-周日11:00-20:00,ChiayiTravel,,https://travel.chiayi.gov.tw/upload/delicacies/669c013b63b4feab6ffb055d82b3acda.jpg,被遺忘的府路巷-冰醬營,,,,,120.44832120000001,23.4742819,1,,2018/12/21 16:10:43
C3_376600000A_000047,Blaxk 布蕾可絲婚紗,2014年仲夏，一間與老街道、傳統產業不太相容的影像工作室，悄悄的進駐在嘉義二通，與這裡的居民風格完全不同。他們是布蕾可絲影像工作室。這群以烏鴉為吉祥物的黑衣青年們，在這裡開了一間另類的婚紗影像工作室。他們巧妙的讓工業設計風格與高齡六十年的老房子做了一場對談，打造了一間擁有老靈魂的前衛婚紗影像工作室。在保有原本建築結構的情況下，他們將空間作區隔規劃，就像他們的工作一樣。他們作設計、拍MV、辦展覽、拍婚紗，為了就是能為這座老舊城市帶來新的靈魂。,2014年仲夏，一間與老街道、傳統產業不太相容的影像工作室，悄悄的進駐在嘉義二通，與這裡的居民風格完全不同。他們是布蕾可絲影像工作室。這群以烏鴉為吉祥物的黑衣青年們，在這裡開了一間另類的婚紗影像工作室。他們巧妙的讓工業設計風格與高齡六十年的老房子做了一場對談，打造了一間擁有老靈魂的前衛婚紗影像工作室。在保有原本建築結構的情況下，他們將空間作區隔規劃，就像他們的工作一樣。他們作設計、拍MV、辦展覽、拍婚紗，為了就是能為這座老舊城市帶來新的靈魂。,嘉義市中正路449號,,,886-5-2255169,周二-周日13:00-22:00 (周一公休),ChiayiTravel,,https://travel.chiayi.gov.tw/upload/delicacies/7e0c01794b731617adca067b95b3e25e.jpg,Blaxk 布蕾可絲婚紗,,,,,120.44812760000002,23.4787207,1,,2018/12/18 15:53:55
C3_376600000A_000048,PANdora263.ART 潘朵拉工作室,希望藉由成立一個平台或空間，能讓全台灣認識嘉義的飲食文化，因此萌生修繕263號的想法。在保留舊有結構前提下，進行修繕，活用老屋中迷人的舊零件，堆砌出帶有藝術氛圍又能使人親近的在地小藝廊，「PANdora263.ART」藝廊雛形，於焉誕生。,希望藉由成立一個平台或空間，能讓全台灣認識嘉義的飲食文化，因此萌生修繕263號的想法。在保留舊有結構前提下，進行修繕，活用老屋中迷人的舊零件，堆砌出帶有藝術氛圍又能使人親近的在地小藝廊，「PANdora263.ART」藝廊雛形，於焉誕生。,嘉義市蘭井街263號,,,886-963227307,周二-周五13:00-17:30,ChiayiTravel,,https://travel.chiayi.gov.tw/upload/delicacies/035bdc76b82218b48a7879ebaeffef47.jpg,PANdora263.ART 潘朵拉工作室,,,,,120.4481654,23.4772993,1,,2018/12/21 18:32:37
C3_376600000A_000049,嘉木居,在修繕過程中，嘉木居秉持著還原的理念在修理每一個環節，面對腐爛的木造架構我們除了採用同類型的木料更換外，並使傳統的榫接工法修理每一支腐爛樑柱，並於部份原本已呈鬆脫，但仍可使用的結構上做了穩定性加強除現木造房屋有的工藝之美，更兼具了安全性。目標為整修地方特色建築後，再加以整合嘉義文創工作者、 藝術創作者及收藏 家，提供創作及收藏品之展示平台，使民眾與創作 者可直接互動籍由認識展示平台，亦可開設相關教學課程並借由專用之資訊平台推廣嘉義在地文創產業。,在修繕過程中，嘉木居秉持著還原的理念在修理每一個環節，面對腐爛的木造架構我們除了採用同類型的木料更換外，並使傳統的榫接工法修理每一支腐爛樑柱，並於部份原本已呈鬆脫，但仍可使用的結構上做了穩定性加強除現木造房屋有的工藝之美，更兼具了安全性。目標為整修地方特色建築後，再加以整合嘉義文創工作者、 藝術創作者及收藏 家，提供創作及收藏品之展示平台，使民眾與創作 者可直接互動籍由認識展示平台，亦可開設相關教學課程並借由專用之資訊平台推廣嘉義在地文創產業。,嘉義市興中街196號,,,886-5-275 0369,星期一~星期日12：00~19：00,ChiayiTravel,,https://travel.chiayi.gov.tw/upload/delicacies/41e05fa40c7a8e57a319b1a4d71bfe37.jpg,嘉木居,,,,,120.44992720000005,23.4835584,1,,2018/12/21 19:42:37
C3_376600000A_000050,台灣花磚古厝,近百年來，霧峰林家、台灣建城總理吳鸞旂&hellip;數千位賈商巨富，藉由珍貴的花磚裝點門宅，以彰顯家族富貴。台灣，因此充滿了世界級，珍貴的花磚文化。但在都市化更新中，地價的飛漲導致數千棟花磚老屋逐一被拆除。我們是一群由上班族組成的花磚志工，用二十年的歲月與積蓄，默默為台灣保留數千片百年花磚，並成立修護中心，一步一步在這土地建置完整的資料庫，期待留給後代珍貴的影像紀錄。不只保存，我們也「無償」提供珍貴的花磚，持續支持台灣老屋的修復工作。1. 周三~日開放參觀，時間10:00~12:00 2:00~5:00&nbsp;2. 清潔費50元，可抵消費。3.過年2/17~2/20 正常開館,"近百年來，霧峰林家、台灣建城總理吳鸞旂&hellip;數千位賈商巨富，藉由珍貴的花磚裝點門宅，以彰顯家族富貴。台灣，因此充滿了世界級，珍貴的花磚文化。但在都市化更新中，地價的飛漲導致數千棟花磚老屋逐一被拆除。我們是一群由上班族組成的花磚志工，用二十年的歲月與積蓄，默默為台灣保留數千片百年花磚，並成立修護中心，一步一步在這土地建置完整的資料庫，期待留給後代珍貴的影像紀錄。不只保存，我們也「無償」提供珍貴的花磚，持續支持台灣老屋的修復工作。1. 周三~日開放參觀，時間10:00~12:00 2:00~5:00&nbsp;2. 清潔費50元，可抵消費。3.過年2/17~2/20 正常開館",嘉義市西區林森西路282號,,,886-979060750,周三~日開放參觀，時間10:00~12:00 2:00~5:00",ChiayiTravel,,https://travel.chiayi.gov.tw/upload/delicacies/c6519338c94e1f57a26a5ef08cc6fde6.jpg,台灣花磚古厝,,,,,120.44603080000002,23.4833579,1,,2018/12/21 21:45:55
C3_376600000A_000051,小黑貓,法籍藝術家齊方斯Toph在Le Chat Noir小黑貓法式料理館，以畫展、各式藝文活動、法式料理、葡萄酒作台法文化交流，嘉義市林森東路518號，（05）2775502，0932125244,法籍藝術家齊方斯Toph在Le Chat Noir小黑貓法式料理館，以畫展、各式藝文活動、法式料理、葡萄酒作台法文化交流，嘉義市林森東路518號，（05）2775502，0932125244,嘉義市東區圳頭里林森東路518號,,,886-932125244,星期二~星期日17：00~22：00，周一公休,ChiayiTravel,,https://travel.chiayi.gov.tw/upload/delicacies/0c1e99f6db8a90b72d5b8704142946a9.jpg,小黑貓,,,,,120.47139800000002,23.491999,1,,2018/12/21 18:30:21
C3_376600000A_000052,舊時光新鮮事,「我對於古蹟、歷史文化的保存和文藝欣賞都很有興趣」，「舊時光新鮮事」的執行長張嘉秀，一開始就解釋了為什麼要修復70年老屋，跨領域的經營一家餐廳，「但是我們不能只保留老屋的歷史感，還必須跟著時代的脈動前進」，她又補充店名注入「新鮮事」的原因。對於經營很有自己想法的張嘉秀執行長，堅持要用在地食材入菜及在地特色元素作為內部空間裝飾的主題，不僅讓顧客吃得健康，還能一邊欣賞嘉義的地景及人文之美。例如一樓通往二樓的天花板，由藝術家盧銘世彩繪著阿里山的星空，可以看見整個銀河系；運用民雄古名「打貓」的概念，店內也有許多關於貓咪的擺設和巧思。擁有護理背景的她，將兩層樓的老屋空間發揮得淋漓盡致，一樓作為餐廳使用，二樓的場域不僅保留日式木造原味，還加上不少新的裝置藝術，成為新的社交網絡打卡點。二樓特別規劃了「足浴」的空間，希望可以多多推廣台灣足部照護的觀念。不僅在空間的創造和運用上加入許多創意，餐點的部分也不遑,「我對於古蹟、歷史文化的保存和文藝欣賞都很有興趣」，「舊時光新鮮事」的執行長張嘉秀，一開始就解釋了為什麼要修復70年老屋，跨領域的經營一家餐廳，「但是我們不能只保留老屋的歷史感，還必須跟著時代的脈動前進」，她又補充店名注入「新鮮事」的原因。對於經營很有自己想法的張嘉秀執行長，堅持要用在地食材入菜及在地特色元素作為內部空間裝飾的主題，不僅讓顧客吃得健康，還能一邊欣賞嘉義的地景及人文之美。例如一樓通往二樓的天花板，由藝術家盧銘世彩繪著阿里山的星空，可以看見整個銀河系；運用民雄古名「打貓」的概念，店內也有許多關於貓咪的擺設和巧思。擁有護理背景的她，將兩層樓的老屋空間發揮得淋漓盡致，一樓作為餐廳使用，二樓的場域不僅保留日式木造原味，還加上不少新的裝置藝術，成為新的社交網絡打卡點。二樓特別規劃了「足浴」的空間，希望可以多多推廣台灣足部照護的觀念。不僅在空間的創造和運用上加入許多創意，餐點的部分也不遑,嘉義市西區仁愛路494號,,,886-5-222-8101,週一 ~ 週五   11:30–14:00、17:30–21:00 週六、日   11:00–21:00,ChiayiTravel,,https://travel.chiayi.gov.tw/upload/delicacies/9bde5ccc82023ea36e159301855edd9d.jpg,舊時光新鮮事,,,,,120.44219399999997,23.4765099,1,,2018/12/21 18:32:42
C3_376600000A_000053,25×40藝文空間,25歲正在台北上班的黃逸蓁，在閱讀了「傷心咖啡店之歌」一書後，想要開一間咖啡店的夢想就這樣萌生了。走過15年的職場生涯後，終於40歲的時候，在嘉義市的中正路完成了夢想。這就是25x40藝文空間兩個數字的命名由來。踏進25x40藝文空間，檜木老屋訴說著他們60年以上的歷史，這也是當黃逸蓁第一眼看到這間老屋時便決定要承租，並花費了三個月的時間進行修繕的原因，挑高沒有隔間的架構，彷彿敞開雙手歡迎任何過路客無意間的拜訪。店內提供的是不定期展覽與販售的文創作品，起因逸蓁就讀研究所時，在探討文創商品時有感許多藝文或是手創人士鮮少有展出作品的機會，因此希望透過提供一個平台可以讓他們的藝文作品能嶄露頭角。除了展售實體商品外，逸蓁也自行策劃各式藝文活動，經常邀請全國知名人士至店舉辦講座、工作坊、音樂會，希望藉由舉辦這些活動促進與活絡嘉義市的藝文交流。&nbsp;店面的檜木老屋在以前與隔壁棟相連，施工的師傅說,25歲正在台北上班的黃逸蓁，在閱讀了「傷心咖啡店之歌」一書後，想要開一間咖啡店的夢想就這樣萌生了。走過15年的職場生涯後，終於40歲的時候，在嘉義市的中正路完成了夢想。這就是25x40藝文空間兩個數字的命名由來。踏進25x40藝文空間，檜木老屋訴說著他們60年以上的歷史，這也是當黃逸蓁第一眼看到這間老屋時便決定要承租，並花費了三個月的時間進行修繕的原因，挑高沒有隔間的架構，彷彿敞開雙手歡迎任何過路客無意間的拜訪。店內提供的是不定期展覽與販售的文創作品，起因逸蓁就讀研究所時，在探討文創商品時有感許多藝文或是手創人士鮮少有展出作品的機會，因此希望透過提供一個平台可以讓他們的藝文作品能嶄露頭角。除了展售實體商品外，逸蓁也自行策劃各式藝文活動，經常邀請全國知名人士至店舉辦講座、工作坊、音樂會，希望藉由舉辦這些活動促進與活絡嘉義市的藝文交流。&nbsp;店面的檜木老屋在以前與隔壁棟相連，施工的師傅說,嘉義市西區中正路554號,,,886-905188033,週一、二、週五 ~ 週日   13:30–21:00 週三、四公休,ChiayiTravel,,https://travel.chiayi.gov.tw/upload/delicacies/0be8dedaf76f98f1368d038708307c5d.jpg,25×40藝文空間,,,,,120.44661129999997,23.4789133,1,,2018/12/21 22:17:19